2144,Frito-Lay Baked! & Popped Mix Variety Pack - 30 pk 37.2 OZ PKG,NULL,NULL,00028400210751,"Frito Lay Baked & Popped Mix (30: 4-2 oz, 6-1.5 oz, 14-1.125 oz, 6- 0.75 oz) 37.25 Ounce 30 Bags Pack. ",B00N3APNS8,27907,Frito-Lay Baked! & Popped Mix Variety Pack - 30 pk 37.2 OZ PKG,2144,Frito-Lay Baked! & Popped Mix Variety Pack - 30 pk 37.2 OZ PKG
2157,Frito Lay Classic Mx 20Ct (20 Oz),NULL,NULL,00028400002882,Fritolay 2Go Classic Mix Variety Pack (20 - 1Oz) 20 Ounce Plastic Bag,B008XV6WTG,718,"Frito-Lay Chips Classic mix Multipack, 20 Count",2157,Frito Lay Classic Mx 20Ct (20 Oz)
2159,FRITO LAY CLASSIC MIX VARIETY PACK,NULL,NULL,00028400044042,Frito Lays Variety Pack Classic Mix (50 - 1 Oz) 50 Ounce 50 Pack Bag,B00F32H9AE,1957,"Frito-Lay Classic Mix Variety Pack, 1 Ounce (50 Pack)",2159,FRITO LAY CLASSIC MIX VARIETY PACK
2160,Frito Lay Flavor Mix 20Ct (20 Oz),NULL,NULL,00028400002899,Frito-Lay Flavor Mix Do Us A Flavor Variety Pack Chips (20-1 Ounce) 20 Ounce 20 Pack Plastic Bag,B00609WCR4,700,"Frito-Lay Chips Flavor Mix Multipack, 20 Count",2160,Frito Lay Flavor Mix 20Ct (20 Oz)
2179,Fritos Corn Chips Original 9.25 OZ BAG,NULL,NULL,00028400156004,Fritos Regular 10.25z,B00ID0EEMY,875,"Fritos Corn Chips, Original, 10.25 Oz",2179,Fritos Corn Chips Original 9.25 OZ BAG
2186,Fritos Scoops! Corn Chips 9.25 OZ BAG,NULL,NULL,00028400154758,Fritos Scoops 10.25z,B00ID0EDWK,874,"Fritos Corn Chips, Scoops, 10.25 Oz",2186,Fritos Scoops! Corn Chips 9.25 OZ BAG
4003,Fritos French Onion Dip (15 Oz),NULL,NULL,00028400070942,Lay's French Onion Dip 15 Ounce Glass Jar,B002SS8Q1W,27552,"Lay's Dips, French Onion Dairy, 15 oz",4003,Fritos French Onion Dip (15 Oz)
7055,Frito Smart White,NULL,NULL,00028400083065,Smartfood White Cheddar Cheese Popcorn 11.5 Ounce Plastic Bag,B0015GVUVG,229,"Smartfood Popcorn, Party Size White Cheddar, 11.5 oz",7055,Frito Smart White
9061,"Fritos Corn Chips, Tangy Roasted Corn, 2-Ounce Packages (Pack of 60)",NULL,NULL,0002840006504,"Fritos Corn Chips, Tangy Roasted Corn, 2-Ounce Packages (Pack of 60)",B000VK61QG,1327,"Fritos Corn Chips, Tangy Roasted Corn, 2-Ounce Packages (Pack of 60)",9061,"Fritos Corn Chips, Tangy Roasted Corn, 2-Ounce Packages (Pack of 60)"
9062,"Frito-Lay Flamin Hot Variety Pack, 54 Ounce",NULL,NULL,00028400098687,"Frito Lay Flamin' Hot Mix (30: 18-2 oz, 6-1.75 oz, 6-1.25 oz) 54 Ounce 30 Pack Plastic Bag",B00OOVUP56,2230,"Frito-Lay Flamin Hot Variety Pack, 54 Ounce",9062,"Frito-Lay Flamin Hot Variety Pack, 54 Ounce"
9094,Frito-Lay Sp Halloween Pk 30Ct,NULL,NULL,00028400211239,Cheetos Halloween 30 Count 19.5z,B00D64GUG0,27535,"Sabra, Spicy Guacamole, 8 oz",9094,Frito-Lay Sp Halloween Pk 30Ct
9185,"Frito-lay Baked and Popped Variety Pack Chips, 37.25 Ounce",NULL,NULL,00028400249645,Variety Pack 30 Count 37.25Z/2,B00OOVTN6I,2228,"Frito-lay Baked and Popped Variety Pack Chips, 37.25 Ounce",9185,"Frito-lay Baked and Popped Variety Pack Chips, 37.25 Ounce"
9275,Frito Lay Fiery Mx Multipack,NULL,NULL,00028400440899,"FritoLay ToGo Fiery Mix (4-0.75 Oz, 12-1 Oz, 4-1.125 Oz) 19.5 Ounce 20 Count Plastic Bag",B018G0Z5SW,2820,"Frito-Lay Fiery Mix, 19.5 Ounce",9275,Frito Lay Fiery Mx Multipack
9275,Frito Lay Fiery Mx Multipack,NULL,NULL,00028400440899,"FritoLay ToGo Fiery Mix (4-0.75 Oz, 12-1 Oz, 4-1.125 Oz) 19.5 Ounce 20 Count Plastic Bag",B00XS4BI3S,55532,Frito Lay Fiery Mx Multipack,9275,Frito Lay Fiery Mx Multipack
9282,"Frito-Lay Bold/Spicy Variety Pack, 50 Ounce",NULL,NULL,00028400062367,Frito Lay Bold Mix (50 - 1 Ounce) 50 Ounce 50 Pack Plastic Bags,B00OOVTUBQ,2229,"Frito-Lay Bold/Spicy Variety Pack, 50 Ounce",9282,"Frito-Lay Bold/Spicy Variety Pack, 50 Ounce"
9555,"Frito-Lay Premium Variety Pack, 45.25 Ounce",NULL,NULL,00028400209687,"Frito Lay Premiere Mix (30: 6-1.25 oz, 6-1.37 oz, 13-1.5 oz, 5-2 oz) 45.25 Ounce 30 Bags Pack ",B00NCSNYEG,1041,"Frito-Lay Premium Variety Pack, 45.25 Ounce",9555,"Frito-Lay Premium Variety Pack, 45.25 Ounce"
10120,FRITOS CORN CHIPS LIGHTLY SALTED,NULL,NULL,00028400240635,Fritos Lightly Salted Corn Chips 9.75 Ounce Plastic Bag,B00J0KXYEK,27868,"Fritos Lightly Salted Corn Chips, 9.75 oz",10120,FRITOS CORN CHIPS LIGHTLY SALTED
10121,Fritos Regular (1.125 Oz),NULL,NULL,00028400161862,Fritos The Original Corn chips 1.125 Ounce Plastic Bag,B0086IVT58,56173,"Fritos Corn Chips, Original, 1.125 oz",10121,Fritos Regular (1.125 Oz)
10375,Fritos Original (9.25 Oz),NULL,NULL,00028400589291,Fritos Original Corn Chips 9.25 Ounce Plastic Bag,B008H2EWY8,28262,"Fritos Original Corn Chips, 9.25 oz",10375,Fritos Original (9.25 Oz)
10807,Frito Lay Bbq Sunflwr Sds (1.87 Oz),NULL,NULL,00028400039079,Frito Lay Seeds BBQ 1.875 Ounce Plastic Bag,B00H3SY62A,55524,Frito-Lay Sunflower Seeds Bbq 1.88Oz Single Serve,10807,Frito Lay Bbq Sunflwr Sds (1.87 Oz)
22967,Fritos Bbq (9.25 Oz),NULL,NULL,00028400589307,Fritos Bar-B-Q Corn Chips 9.25 Ounce Plastic Bag,B005X3AXXI,28276,"Fritos Barbecue Flavored Corn Chips, 9.25 oz",22967,Fritos Bbq (9.25 Oz)
42732,Fritos Flamin Hot (9.25 Oz),NULL,NULL,00028400589314,Fritos Flamin' Hot Corn Chips 9.25 Ounce Plastic Bag,B00J0KT8OU,28191,Fritos Cc Hot X-Large,42732,Fritos Flamin Hot (9.25 Oz)
42733,Fritos Lightly Salted (9.25 Oz),NULL,NULL,00028400589659,Fritos Lightly Salted Corn Chips 9.25 Ounce Plastic Bag,B01CT75RHW,27938,"Fritos Lightly Salted Corn Chips, 9.25 oz",42733,Fritos Lightly Salted (9.25 Oz)
42733,Fritos Lightly Salted (9.25 Oz),NULL,NULL,00028400589659,Fritos Lightly Salted Corn Chips 9.25 Ounce Plastic Bag,B01CT6UCGO,28136,"Fritos Lightly Salted Corn Chips, 9.25 oz",42733,Fritos Lightly Salted (9.25 Oz)
42955,FRITOS SCOOPS,NULL,NULL,00028400002677,Fritos Scoops Corn Chips 17.5 Ounce Plastic Bag,B00F9WTH26,27846,Unknown Name,42955,FRITOS SCOOPS
43074,Fritos Chili Cheese 50 Ct - 1 Oz,NULL,NULL,00028400043908,50.00OZ FRITOS CHILI CHEESE,B011LO9B0I,27949,Chili Cheese Fritos 50ct 1 Ounce Bags,43074,Fritos Chili Cheese 50 Ct - 1 Oz
45680,Frito Lay Party Mix Case 32Pk - 31Oz,NULL,NULL,00028400576284,"Fritolay Party Mix Variety Pack (4-.75 Ounce, 28-1 Ounce) 31.0 Ounce Plastic Bags",B013QN436O,2608,"Frito-Lay Party Mix Variety Pack, 32 Count",45680,Frito Lay Party Mix Case 32Pk - 31Oz
45680,Frito Lay Party Mix Case 32Pk - 31Oz,NULL,NULL,00028400576284,"Fritolay Party Mix Variety Pack (4-.75 Ounce, 28-1 Ounce) 31.0 Ounce Plastic Bags",B015O6PSO2,2642,"Frito-Lay Party Mix Variety Pack, 32 Count",45680,Frito Lay Party Mix Case 32Pk - 31Oz
45684,Frito-Lay Fun Times Mix 32 Count - Variety Pack,NULL,NULL,00028400576055,"FritoLay Fun Times Party Mix (3-.625oz, 4-.875oz, 25-1oz) 30.375 Ounce 32 Pack Box",B013QN43U0,2609,"Frito-Lay Fun Times Mix Variety Pack, 32 Count",45684,Frito-Lay Fun Times Mix 32 Count - Variety Pack
45684,Frito-Lay Fun Times Mix 32 Count - Variety Pack,NULL,NULL,00028400576055,"FritoLay Fun Times Party Mix (3-.625oz, 4-.875oz, 25-1oz) 30.375 Ounce 32 Pack Box",B015O6PJWS,2641,"Frito-Lay Fun Times Mix Variety Pack, 32 Count",45684,Frito-Lay Fun Times Mix 32 Count - Variety Pack
46523,Frito-Lay Sweet & Salty Mix 50 Count,NULL,NULL,00028400634571,Variety Pack Mixed 66.02 Oz/1,B01EAG3VUA,27467,"Sweet & Salty Snacks Variety Box, Mix of Cookies, Crackers, Chips & Nuts, 50 Count",46523,Frito-Lay Sweet & Salty Mix 50 Count
46523,Frito-Lay Sweet & Salty Mix 50 Count,NULL,NULL,00028400634571,Variety Pack Mixed 66.02 Oz/1,B01EHTEANM,27474,"FRITO-LAY SWEET & SALTY SNACKS VARIETY BOX, BUNDLE OF COOKIES, CRACKERS, CHIPS &?? NUTS, 66.02 OUNCE",46523,Frito-Lay Sweet & Salty Mix 50 Count
46524,Frito-Lay Hot & Spicy Mix 30 Count,NULL,NULL,00028400634557,Variety Pack Mixed 35.01 Oz/1,B01EHTE8VQ,27473,"Frito-Lay Ultimate Hot & Spicy Flavor Snack Package, Variety of chips, popcorn, nuts & more, 35.01 Ounce",46524,Frito-Lay Hot & Spicy Mix 30 Count
47205,Frito-Lay Doritos + Cheetos 44 Count - Variety Pack,NULL,NULL,00028400636711,Doritos/Cheetos VarPk  42.62z/1,B01GGHXZLG,55554,"Frito-Lay Doritos & Cheetos Mix Variety Pack, 44 Count",47205,Frito-Lay Doritos + Cheetos 44 Count - Variety Pack
48583," Frito-Lay Ultimate Snack Care Package - Chips, Cookies, Crackers & More 40 CT BOX",NULL,NULL,00028400634540,Frito Lay Variety Pack Mixed 54.26 Ounce/1,B01EAG3VZA,27466,"Ultimate Snack Care Package, Variety Assortment of Chips, Cookies, Crackers & More, 40 Count",48583," Frito-Lay Ultimate Snack Care Package - Chips, Cookies, Crackers & More 40 CT BOX"
48865,"Fritos Corn Chips, Original, 1 oz (44 Count)",NULL,NULL,0002840064748,"Fritos Corn Chips, Original, 1 oz (44 Count)",B01KQLULRE,56035,"Fritos Corn Chips, Original, 44 Ounce (Pack of 44)",48865,"Fritos Corn Chips, Original, 1 oz (44 Count)"
57482,"Fritos Cheese Dip, Jalapeno Cheddar, 9 Oz",NULL,NULL,00028400000246,Fritos Jalapeno & Cheddar Cheese Dip 9 Ounce Aluminum Canister,B00ID0DQZU,439,"Fritos JalapeÃ±o Cheddar Cheese Dip, 9 Ounce",57482,"Fritos Cheese Dip, Jalapeno Cheddar, 9 Oz"
57482,"Fritos Cheese Dip, Jalapeno Cheddar, 9 Oz",NULL,NULL,00028400000246,Fritos Jalapeno & Cheddar Cheese Dip 9 Ounce Aluminum Canister,B004Y32MNC,670,"Fritos Cheese Dip, Jalapeno Cheddar, 9 Ounce",57482,"Fritos Cheese Dip, Jalapeno Cheddar, 9 Oz"
57482,"Fritos Cheese Dip, Jalapeno Cheddar, 9 Oz",NULL,NULL,00028400000246,Fritos Jalapeno & Cheddar Cheese Dip 9 Ounce Aluminum Canister,B0015GS10O,204,"Fritos JalapeÃ±o Cheddar Cheese Dip, 9 Ounce",57482,"Fritos Cheese Dip, Jalapeno Cheddar, 9 Oz"
57483,"Fritos Bean Dip, 9 Oz",NULL,NULL,00028400000789,Fritos Original Bean Dip 9 Ounce Aluminum Canister,B0015GVJCG,217,"Fritos Original Bean Dip, 9 Ounce",57483,"Fritos Bean Dip, 9 Oz"
57483,"Fritos Bean Dip, 9 Oz",NULL,NULL,00028400000789,Fritos Original Bean Dip 9 Ounce Aluminum Canister,B004K51SJS,666,"Fritos Bean Dip, 9 Ounce",57483,"Fritos Bean Dip, 9 Oz"
57483,"Fritos Bean Dip, 9 Oz",NULL,NULL,00028400000789,Fritos Original Bean Dip 9 Ounce Aluminum Canister,B00ZBK65GM,2574,"Fritos Original Bean Dip, 9 Ounce",57483,"Fritos Bean Dip, 9 Oz"
57487,Frito Lays Variety Sack 20 Ct,NULL,NULL,00028400002882,Fritolay 2Go Classic Mix Variety Pack (20 - 1Oz) 20 Ounce Plastic Bag,B00ID0DTAM,856,"Frito-Lay Classic Mix Variety Pack, 20 Count",57487,Frito Lays Variety Sack 20 Ct
57498,"Frito-Lay Classic Variety Mix, Assorted, 30 count",NULL,NULL,00028400019736,"Frito-Lay Variety Mix Pack (8-2 Oz, 10-1.75 Oz, 12-1.5 Oz) 51.5 Ounce 30 Pack Bag",B00OOVQNEI,1062,"Frito-Lay Variety Pack, Classic Variety Mix of Chips and Snacks, 30 Count",57498,"Frito-Lay Classic Variety Mix, Assorted, 30 count"
57504,"Frito-Lay Sunflower Seeds, Original, 1.88 Oz",NULL,NULL,00028400039062,Frito Lay Original Sunflower Seeds 1.875 Ounce Bag,B00AKKVPH2,755,"Frito-Lay Seeds, Sunflower, 1.88 Ounce (Pack of 30)",57504,"Frito-Lay Sunflower Seeds, Original, 1.88 Oz"
57504,"Frito-Lay Sunflower Seeds, Original, 1.88 Oz",NULL,NULL,00028400039062,Frito Lay Original Sunflower Seeds 1.875 Ounce Bag,B009IME5SE,737,"Frito-Lay Seeds, Sunflower, 1.88 Ounce (Pack of 10)",57504,"Frito-Lay Sunflower Seeds, Original, 1.88 Oz"
57509,"Frito-Lay Mix Variety Pack, Classic, 1 Oz, 50 Ct",NULL,NULL,00028400044042,Frito Lays Variety Pack Classic Mix (50 - 1 Oz) 50 Ounce 50 Pack Bag,B00BGDH9V8,1907,"Frito-Lay Classic Mix Variety Pack, 50 Count",57509,"Frito-Lay Mix Variety Pack, Classic, 1 Oz, 50 Ct"
57509,"Frito-Lay Mix Variety Pack, Classic, 1 Oz, 50 Ct",NULL,NULL,00028400044042,Frito Lays Variety Pack Classic Mix (50 - 1 Oz) 50 Ounce 50 Pack Bag,B00OOVRJ1O,1064,"Frito-Lay Classic Mix Variety Pack, 1 Ounce Bags (50 Count)",57509,"Frito-Lay Mix Variety Pack, Classic, 1 Oz, 50 Ct"
57519,"Frito-Lay Variety Pack - 1 Ounce, 50 Count",NULL,NULL,00028400058049,Frito Lay Flavor Mix (50-1 Oz) 50 Ounce 50 Plastic Bags,B00E230CKE,774,"Frito-Lay Flavor Variety Pack, 50 Ounce",57519,"Frito-Lay Variety Pack - 1 Ounce, 50 Count"
57519,"Frito-Lay Variety Pack - 1 Ounce, 50 Count",NULL,NULL,00028400058049,Frito Lay Flavor Mix (50-1 Oz) 50 Ounce 50 Plastic Bags,B00OOVSXL4,1066,"Frito-Lay Flavor Variety Pack, 1 Ounce Bags (50 Count)",57519,"Frito-Lay Variety Pack - 1 Ounce, 50 Count"
57545,"Frito Lay Flamin' Hot Mix Variety Pack, 30 count, 54 Oz",NULL,NULL,00028400098687,"Frito Lay Flamin' Hot Mix (30: 18-2 oz, 6-1.75 oz, 6-1.25 oz) 54 Ounce 30 Pack Plastic Bag",B00E1Z257G,773,"Frito-Lay Flamin' Hot Mix Variety Pack, 30 Count",57545,"Frito Lay Flamin' Hot Mix Variety Pack, 30 count, 54 Oz"
57564,"Frito-Lay Baked & Popped Chips, Variety Pack, 37.25 Oz, 30 Ct",NULL,NULL,00028400210751,"Frito Lay Baked & Popped Mix (30: 4-2 oz, 6-1.5 oz, 14-1.125 oz, 6- 0.75 oz) 37.25 Ounce 30 Bags Pack. ",B073S4TP58,87094,"Frito-Lay Baked & Popped Mix Variety Pack, 40 Count",57564,"Frito-Lay Baked & Popped Chips, Variety Pack, 37.25 Oz, 30 Ct"
57572,"Fritos Corn Chips, Party Size Scoops, 18 Oz",NULL,NULL,00028400337281,Fritos Scoops Party Size Corn Chips 8 Ounce Plastic Bag,B00TP3YJ6Y,2768,"Fritos Scoops!  Corn Chips, Party Size! (18 Ounce)",57572,"Fritos Corn Chips, Party Size Scoops, 18 Oz"
57572,"Fritos Corn Chips, Party Size Scoops, 18 Oz",NULL,NULL,00028400337281,Fritos Scoops Party Size Corn Chips 8 Ounce Plastic Bag,B00TS9L3R8,2337,"Fritos Scoops!  Corn Chips, Party Size! (18 Ounce)",57572,"Fritos Corn Chips, Party Size Scoops, 18 Oz"
57590,"Fritos Corn Chips, Chili Cheese, 9.25 Oz",NULL,NULL,00028400589284,Fritos Chili Cheese Corn Chips 9.25 Ounce Plastic Bag,B019KE3620,2865,"Fritos Chili Cheese Flavored Corn Chips, 9.25 Ounce",57590,"Fritos Corn Chips, Chili Cheese, 9.25 Oz"
57600,"Frito Lay Chips Popcorn & Nuts Variety Box, 30 Ct",NULL,NULL,00028400634564,Variety Pack Mixed 35.025 Oz/1,B01EAG3VSW,27465,"Send & Share Variety Snack Box, Assortment of Baked, Popped and Nut Snacks, 30 Count",57600,"Frito Lay Chips Popcorn & Nuts Variety Box, 30 Ct"
57613,"College Dorm Care Package, Variety Box of Frito-Lay Chips, Munchies Crackers, Grandma's Cookies, Rice-A-Roni Cups, Chewy Bars and More, 40 Ct Mix",NULL,NULL,00028400647632,Variety Pack Mixed 52.34 Oz/1,B01KNTGZ4C,55888,"College Dorm Snacks Care Package, Variety Box of Chips, Crackers, Cookies, Pasta Cups, and More, 40 Count Mix",57613,"College Dorm Care Package, Variety Box of Frito-Lay Chips, Munchies Crackers, Grandma's Cookies, Rice-A-Roni Cups, Chewy Bars and More, 40 Ct Mix"
59431,Frito Lay Baked & Popped Mix 20Ct,NULL,NULL,00028400264990,"Frito Lay Baked and Popped Mix (3-.5oz, 13-.875oz, 4-1oz) 16.875 Ounce 20 Count Variety Pack Plastic Bag",B00W7A1S4I,2514,"Frito-Lay 20 Count Variety Pack, Baked and Popped Mix",59431,Frito Lay Baked & Popped Mix 20Ct
59431,Frito Lay Baked & Popped Mix 20Ct,NULL,NULL,00028400264990,"Frito Lay Baked and Popped Mix (3-.5oz, 13-.875oz, 4-1oz) 16.875 Ounce 20 Count Variety Pack Plastic Bag",B00ZBK4BHC,2565,"Frito-Lay Baked & Popped Mix Green Variety Pack, 20 Count",59431,Frito Lay Baked & Popped Mix 20Ct
59469,Frito Lay Flavor Mix Variety Pack 20Ct,NULL,NULL,00028400002899,Frito-Lay Flavor Mix Do Us A Flavor Variety Pack Chips (20-1 Ounce) 20 Ounce 20 Pack Plastic Bag,B000UESJKO,112,"Frito-Lay Chips and Snacks Flavor Mix Variety Pack, 20 Count",59469,Frito Lay Flavor Mix Variety Pack 20Ct
59469,Frito Lay Flavor Mix Variety Pack 20Ct,NULL,NULL,00028400002899,Frito-Lay Flavor Mix Do Us A Flavor Variety Pack Chips (20-1 Ounce) 20 Ounce 20 Pack Plastic Bag,B00ID0DUYM,857,"Frito-Lay Flavor Mix Purple Variety Pack, 20 Count",59469,Frito Lay Flavor Mix Variety Pack 20Ct
60682,"Fritos Corn Chips - Original, 1 Ounce, 50 Count",NULL,NULL,00028400043915,Fritos The Original Corn Chips (50-1 Oz) 50 Ounce Plastic Bags in Box,B00O6KGPAO,2220,"Fritos Original Corn Chips, 1 Ounce (Pack of 50)",60682,"Fritos Corn Chips - Original, 1 Ounce, 50 Count"
60689,"Frito-Lay Baked & Popped Chips, Variety Pack, 37.25 Oz, 30 Ct",NULL,NULL,00028400249645,Variety Pack 30 Count 37.25Z/2,B00IL33F0K,2032,"Frito-lay Baked and Popped Variety Pack Chips, 37.25 Ounce",60689,"Frito-Lay Baked & Popped Chips, Variety Pack, 37.25 Oz, 30 Ct"
61938,"Fritos Flavor Twists Honey Bbq Flavored Corn Snacks, 9.75 Oz",NULL,NULL,00028400240437,Fritos Flavor Twists Honey Bbq Corn Snacks  9.75 Ounce Plastic Bag,B00J0KPFJC,445,"Fritos Honey BBQ Twists, 9.75 Ounce",61938,"Fritos Flavor Twists Honey Bbq Flavored Corn Snacks, 9.75 Oz"
61973,"Fritos Scoops! Corn Chips, 9.75 Oz.",NULL,NULL,00028400240628,Fritos Scoops Corn Chips 9.75 Ounce Plastic Bag,B00R1J38T8,2275,"Fritos Corn Chips, Scoops, 9.75 Ounce",61973,"Fritos Scoops! Corn Chips, 9.75 Oz."
61973,"Fritos Scoops! Corn Chips, 9.75 Oz.",NULL,NULL,00028400240628,Fritos Scoops Corn Chips 9.75 Ounce Plastic Bag,B00J0KSBFC,448,"Fritos Scoops, 9.75 Ounce",61973,"Fritos Scoops! Corn Chips, 9.75 Oz."
61976,"Fritos Mild Cheddar Flavored Cheese Dip, 9 Oz",NULL,NULL,00028400000222,Fritos Mild Cheddar Cheese Dip 9 Ounce Aluminum Canister,B06ZZQY53X,66631,"Fritos Mild Cheddar Cheese Dip, 9 Ounce",61976,"Fritos Mild Cheddar Flavored Cheese Dip, 9 Oz"
61976,"Fritos Mild Cheddar Flavored Cheese Dip, 9 Oz",NULL,NULL,00028400000222,Fritos Mild Cheddar Cheese Dip 9 Ounce Aluminum Canister,B0015GS122,56177,"Fritos Mild Cheddar Cheese Dip, 9 Ounce",61976,"Fritos Mild Cheddar Flavored Cheese Dip, 9 Oz"
61994,"Frito-Lay Bold Chip Mix, Variety Pack, 1.0 Oz., 20 Count",NULL,NULL,00028400002905,"Fritolay Bold Mix Variety Pack (4 - .75Oz, 16 - 1Oz) 19 Ounce 20Pk Plastic Bag",B018G0YKN8,2816,"Frito-Lay Bold Mix Variety Pack, 20 Ounce",61994,"Frito-Lay Bold Chip Mix, Variety Pack, 1.0 Oz., 20 Count"
62122,"Frito-Lay Fiery Chip Mix Variety Pack, 20 Count, 19.5 Oz",NULL,NULL,00028400440899,"FritoLay ToGo Fiery Mix (4-0.75 Oz, 12-1 Oz, 4-1.125 Oz) 19.5 Ounce 20 Count Plastic Bag",B0166R052I,2656,"Frito-Lay Fiery Mix Variety Pack, 20 Count",62122,"Frito-Lay Fiery Chip Mix Variety Pack, 20 Count, 19.5 Oz"
62246,"Fritos Original Corn Chips, 9.25 Oz",NULL,NULL,00028400589291,Fritos Original Corn Chips 9.25 Ounce Plastic Bag,B019KE37WO,2869,"Fritos Original Corn Chips, 9.25 Ounce",62246,"Fritos Original Corn Chips, 9.25 Oz"
63901,Frito-Lay Select Mix,NULL,NULL,00028400567329,Variety Pack 43.875z,B078HYB5XX,102352,"Frito-Lay Purely Delicious Mix, 18 Count",63901,Frito-Lay Select Mix
64244,"Frito-Lay Premiere Mix Chips & Snacks Variety Pack, 30 Ct",NULL,NULL,00028400209687,"Frito Lay Premiere Mix (30: 6-1.25 oz, 6-1.37 oz, 13-1.5 oz, 5-2 oz) 45.25 Ounce 30 Bags Pack ",B00OOVTEX0,1067,"Frito-Lay Premium Variety Pack, 45.25 Ounce",64244,"Frito-Lay Premiere Mix Chips & Snacks Variety Pack, 30 Ct"
64248,"Fritos Corn Chips, 2 Oz Bag",NULL,NULL,00028400443555,64/2.00OZ  LSS FRITOS REGULAR,B000MIDVAG,573,"Fritos Original Corn Chips, 2 Ounce (Pack of 64)",64248,"Fritos Corn Chips, 2 Oz Bag"
64254,"Fritos Twists Honey BBQ Corn Snacks, 9.25 Oz  ",NULL,NULL,00028400589277,Fritos Twists Honey BBQ Corn Snacks 9.25 Ounce Plastic Bag,B019KE35PI,2863,"Fritos Twists Honey BBQ Flavored Corn Chips, 9.25 Ounce",64254,"Fritos Twists Honey BBQ Corn Snacks, 9.25 Oz  "
64255,"Fritos Scoops Corn Chips, 9.25 Oz  ",NULL,NULL,00028400589321,Fritos Scoops Corn Chips 9.25 Ounce Plastic Bag,B019KE37G0,2867,"Fritos Scoops! Corn Chips, 9.25 Ounce",64255,"Fritos Scoops Corn Chips, 9.25 Oz  "
64255,"Fritos Scoops Corn Chips, 9.25 Oz  ",NULL,NULL,00028400589321,Fritos Scoops Corn Chips 9.25 Ounce Plastic Bag,B01EYKOOPS,57926,"Fritos Scoops Corn Chips, 9.25 Ounce",64255,"Fritos Scoops Corn Chips, 9.25 Oz  "
64256,"Fritos Corn Chips, Classic Ranch, 9.25 Oz",NULL,NULL,00028400594639,Fritos Classic Ranch Corn Chips 9.25 Ounce Plastic Bag,B01D4G9PPM,27029,"Fritos Ranch Flavored Corn Chips, 9.25 Ounce",64256,"Fritos Corn Chips, Classic Ranch, 9.25 Oz"
64256,"Fritos Corn Chips, Classic Ranch, 9.25 Oz",NULL,NULL,00028400594639,Fritos Classic Ranch Corn Chips 9.25 Ounce Plastic Bag,B01CTRZ3LC,2914,"Fritos Flavored Corn Chips, Ranch, 9.25 Ounce",64256,"Fritos Corn Chips, Classic Ranch, 9.25 Oz"
64263,"Fritos Corn Chips, Spicy Jalapeno, 9.25 Oz",NULL,NULL,00028400634830,Fritos Spicy Jalapeno Corn Chips 9.25 Ounce Plastic Bag,B06WW16X1P,57313,"Fritos Corn Chips, Spicy Jalapeno, 9.25 Ounce",64263,"Fritos Corn Chips, Spicy Jalapeno, 9.25 Oz"
64263,"Fritos Corn Chips, Spicy Jalapeno, 9.25 Oz",NULL,NULL,00028400634830,Fritos Spicy Jalapeno Corn Chips 9.25 Ounce Plastic Bag,B06XFSF4TB,57431,"Fritos Spicy JalapeÃ±o Flavored Corn Chips, 9.25 Ounce",64263,"Fritos Corn Chips, Spicy Jalapeno, 9.25 Oz"
64274,"Frito-Lay Sports Day Mix, Variety Pack, 32 Ct",NULL,NULL,00028400643245,"FritoLay Sports Day Mix Variety Pack (8 - .5 Ounce, 24 - 1 Ounce) 28 Ounces 32 Count Plastic Bags",B0752TM68Q,88168,"Frito-Lay Sports Day Mix Variety Pack, 32 Count",64274,"Frito-Lay Sports Day Mix, Variety Pack, 32 Ct"
64274,"Frito-Lay Sports Day Mix, Variety Pack, 32 Ct",NULL,NULL,00028400643245,"FritoLay Sports Day Mix Variety Pack (8 - .5 Ounce, 24 - 1 Ounce) 28 Ounces 32 Count Plastic Bags",B0716LC39L,82254,"Frito-Lay Sports Day Mix Variety Pack, 32 Count",64274,"Frito-Lay Sports Day Mix, Variety Pack, 32 Ct"
64276,"Frito-Lay Smart Mix, Variety Pack, 20 Ct",NULL,NULL,00028400646659,"Fritolay Smart Mix Variety Pack (16 - 1 Ounce, 4 - .5 Ounce) 18 Ounce 20 Count Plastic Bag",B06Y3TWZ9G,57974,"Frito-Lay Smart Mix Variety Pack, 20 Count",64276,"Frito-Lay Smart Mix, Variety Pack, 20 Ct"
64276,"Frito-Lay Smart Mix, Variety Pack, 20 Ct",NULL,NULL,00028400646659,"Fritolay Smart Mix Variety Pack (16 - 1 Ounce, 4 - .5 Ounce) 18 Ounce 20 Count Plastic Bag",B06Y11T48V,57950,"Frito-Lay Smart Mix Variety Pack, 20 CountÂ ",64276,"Frito-Lay Smart Mix, Variety Pack, 20 Ct"
64277,"Fritolay Bold Mix Variety Pack, 1 Oz, 20 Ct",NULL,NULL,00028400646666,"Fritolay Bold Mix Variety Pack (12 - 1 Ounce, 4 - .85 Ounce, 4 - .75 Ounce) 18.4 Ounce 20 Count Plastic Bag",B06Y12DNYV,57978,"Frito-Lay Bold Mix Variety Pack, 20 Count",64277,"Fritolay Bold Mix Variety Pack, 1 Oz, 20 Ct"
64277,"Fritolay Bold Mix Variety Pack, 1 Oz, 20 Ct",NULL,NULL,00028400646666,"Fritolay Bold Mix Variety Pack (12 - 1 Ounce, 4 - .85 Ounce, 4 - .75 Ounce) 18.4 Ounce 20 Count Plastic Bag",B06Y476ZC7,66629,"Frito-Lay Bold Mix Variety Pack, 20 Count",64277,"Fritolay Bold Mix Variety Pack, 1 Oz, 20 Ct"
64278,"Frito-Lay Fiery Mix, 19.5 Oz, 20 Ct",NULL,NULL,00028400646673,"Fritolay Fiery Mix Variety Pack (3 - .75 Ounce, 14 - 1 Ounce, 3 - 1.125 Ounce) 19.625 Ounce 20 Count Plastic Bag",B06XZLFQPM,57960,"Frito Lay Fiery Mix Variety Pack, 20 Count Single Snack Bags",64278,"Frito-Lay Fiery Mix, 19.5 Oz, 20 Ct"
64278,"Frito-Lay Fiery Mix, 19.5 Oz, 20 Ct",NULL,NULL,00028400646673,"Fritolay Fiery Mix Variety Pack (3 - .75 Ounce, 14 - 1 Ounce, 3 - 1.125 Ounce) 19.625 Ounce 20 Count Plastic Bag",B06Y43K7S2,57959,"Frito-Lay Fiery Mix Variety Pack, 20 Count",64278,"Frito-Lay Fiery Mix, 19.5 Oz, 20 Ct"
64280,"Frito-Lay Cheesy Mix, Variety Pack, 20 Ct",NULL,NULL,00028400646802,"Fritolay Cheesy Mix Variety Pack (17 - 1Ounce, 3 - .875 Ounce) 19.625 Ounce 20 Count Plastic Bag",B06Y3SHFLY,57957,"Frito-Lay Cheesy Mix Variety Pack, 20 Count",64280,"Frito-Lay Cheesy Mix, Variety Pack, 20 Ct"
64280,"Frito-Lay Cheesy Mix, Variety Pack, 20 Ct",NULL,NULL,00028400646802,"Fritolay Cheesy Mix Variety Pack (17 - 1Ounce, 3 - .875 Ounce) 19.625 Ounce 20 Count Plastic Bag",B074NC68V5,87481,"Frito-Lay Cheesy Mix Variety Pack, 0.1 Oz 40 Count",64280,"Frito-Lay Cheesy Mix, Variety Pack, 20 Ct"
64280,"Frito-Lay Cheesy Mix, Variety Pack, 20 Ct",NULL,NULL,00028400646802,"Fritolay Cheesy Mix Variety Pack (17 - 1Ounce, 3 - .875 Ounce) 19.625 Ounce 20 Count Plastic Bag",B06Y12XNZH,57966,"Frito Lay Cheese Mix, 20 Count Single Snack Bags",64280,"Frito-Lay Cheesy Mix, Variety Pack, 20 Ct"
64281,"Frito-Lay Originals Mix, Variety Pack, 20 Ct",NULL,NULL,00028400646970,"Fritolay 2Go Original Mix Variety Pack (16 - 1 Ounce, 4 - .5 Ounce) 18 Ounce 20 Pack Plastic Bag",B07G37RJDF,123523,"Frito-Lay Originals Mix Variety Pack, 18 Count",64281,"Frito-Lay Originals Mix, Variety Pack, 20 Ct"
64281,"Frito-Lay Originals Mix, Variety Pack, 20 Ct",NULL,NULL,00028400646970,"Fritolay 2Go Original Mix Variety Pack (16 - 1 Ounce, 4 - .5 Ounce) 18 Ounce 20 Pack Plastic Bag",B06Y3ZJ72V,57979,"Frito-Lay Originals Mix Variety Pack, 20 Count",64281,"Frito-Lay Originals Mix, Variety Pack, 20 Ct"
64281,"Frito-Lay Originals Mix, Variety Pack, 20 Ct",NULL,NULL,00028400646970,"Fritolay 2Go Original Mix Variety Pack (16 - 1 Ounce, 4 - .5 Ounce) 18 Ounce 20 Pack Plastic Bag",B06XZTTSXX,57971,"Frito-Lay Original Mix Variety Pack, 20 CountÂ ",64281,"Frito-Lay Originals Mix, Variety Pack, 20 Ct"
64522,"Frito-Lay Fiery Mix Variety Pack, 44 Count",NULL,NULL,00028400649001,Fiery Variety Pack Mix 45.25oz/1,B01KQLUSMM,55912,"Frito-Lay Fiery Mix Variety Pack, (Pack of 44)",64522,"Frito-Lay Fiery Mix Variety Pack, 44 Count"
64527,"Frito-Lay Favorites Mix Variety Pack, 44 Count",NULL,NULL,00028400631600,Variety Pack Mixed 44 Oz/1,B01FE8LWXG,27948,"Frito-Lay Favorites Mix Variety Pack, 44 Count",64527,"Frito-Lay Favorites Mix Variety Pack, 44 Count"
65405,"Frito-Lay Do Us a Flavor, 2.75 oz, 12 Ct",NULL,NULL,0028400023481,"Frito-Lay Do Us a Flavor, 2.75 oz, 12 Ct",B073V16DVV,87095,"Lay's Potato Chips, Do Us a Flavor Finalists Variety Pack, 2.75 Ounce Bags, 12 Count",65405,"Frito-Lay Do Us a Flavor, 2.75 oz, 12 Ct"
66156,"Frito-Lay Fiery Mix Variety Pack, 40 Count",NULL,NULL,00028400029407,1CT 41.00OZ VARIETY PACK MIXED,B00BIDU9JA,87480,"Frito-Lay Fiery Mix Variety Pack, 40 Count",66156,"Frito-Lay Fiery Mix Variety Pack, 40 Count"
69785,"Frito-Lay Party Mix Variety Pack, 40 Count",NULL,NULL,00028400104128,1CT 38.50OZ VARIETY PACK MIXED,B076H2J9TZ,93829,"Frito-Lay Party Mix Variety Pack, 40 Count",69785,"Frito-Lay Party Mix Variety Pack, 40 Count"
69793,"Fritos Original Corn Chips, 1 Ounce (Pack Of 40)",NULL,NULL,0002840067662,"Fritos Original Corn Chips, 1 Ounce (Pack Of 40)",B071J7HQM2,82592,"Fritos Original Corn Chips, 1 Ounce (Pack of 40)",69793,"Fritos Original Corn Chips, 1 Ounce (Pack Of 40)"
69800,"Frito-Lay  Ultimate NFL Pittsburgh Steelers Chips, Dips, & Football Dip Helmet Party Box",NULL,NULL,00028400103961,1CT 40.50OZ VARIETY PACK MIXED,B076DBRPBH,93739,"Frito-Lay Ultimate NFL Pittsburgh Steelers Chips, Dips, & Football Dip Helmet Party Box",69800,"Frito-Lay  Ultimate NFL Pittsburgh Steelers Chips, Dips, & Football Dip Helmet Party Box"
69801,"Frito-Lay Ultimate NFL New England Patriots Chips, Dips, & Football Dip Helmet Party Box",NULL,NULL,00028400103930,1CT 40.50OZ VARIETY PACK MIXED,B076DPJVGF,93776,"Frito-Lay Ultimate NFL New England Patriots Chips, Dips, & Football Dip Helmet Party Box",69801,"Frito-Lay Ultimate NFL New England Patriots Chips, Dips, & Football Dip Helmet Party Box"
69802,"Frito-Lay Ultimate NFL Green Bay Packers Chips, Dips, & Football Dip Helmet Party Box",NULL,NULL,00028400103787,1CT 40.50OZ VARIETY PACK MIXED,B076DH8LY9,93826,"Frito-Lay Ultimate NFL Green Bay Packers Chips, Dips, & Football Dip Helmet Party Box",69802,"Frito-Lay Ultimate NFL Green Bay Packers Chips, Dips, & Football Dip Helmet Party Box"
69803,"Frito-Lay Ultimate NFL Dallas Cowboys Chips, Dips, & Football Dip Helmet Party Box",NULL,NULL,00028400103664,1CT 40.50OZ VARIETY PACK MIXED,B076DG1CRF,93715,"Frito-Lay Ultimate NFL Dallas Cowboys Chips, Dips, & Football Dip Helmet Party Box",69803,"Frito-Lay Ultimate NFL Dallas Cowboys Chips, Dips, & Football Dip Helmet Party Box"
87117,"Frito-Lay French Onion Dip, 8.5 Ounce",NULL,NULL,00028400000260,Frito Lay French Onion Dip 8.50 Ounce Aluminum Can,B01JCEDABA,56176,"Frito-Lay French Onion Dip, 8.5 Ounce",87117,"Frito-Lay French Onion Dip, 8.5 Ounce"
87118,"Fritos Original Bean Dip, 3.125 Ounce",NULL,NULL,00028400000772,3.12OZ FRITOS BEAN,B003IM9MNS,56175,"Fritos Original Bean Dip, 3.125 Ounce",87118,"Fritos Original Bean Dip, 3.125 Ounce"
87119,"Fritos Hot Bean Dip , 9 Ounce",NULL,NULL,00028400000888,Fritos Hot Bean Dip 9 Ounce Aluminum Canister,B0015GQ1GA,198,"Fritos Hot Bean Dip , 9 Ounce",87119,"Fritos Hot Bean Dip , 9 Ounce"
87128,"Frito Lay Classic Variety Pack, 32 Ounce",NULL,NULL,00028400003032,Frito Lays Variety Pack Classic Mix (32 -1 Oz) 32 Ounce 32 Pack Bag in Box,B00H1X2OS0,420,"Frito Lay Classic Variety Pack, 1 Ounce Bag, 32 Count",87128,"Frito Lay Classic Variety Pack, 32 Ounce"
87128,"Frito Lay Classic Variety Pack, 32 Ounce",NULL,NULL,00028400003032,Frito Lays Variety Pack Classic Mix (32 -1 Oz) 32 Ounce 32 Pack Bag in Box,B00OOVPDWG,2226,"Frito Lay Classic Variety Pack, 32 Ounce",87128,"Frito Lay Classic Variety Pack, 32 Ounce"
87130,"Frito Lay Flavor Variety Pack, 32 Ounce",NULL,NULL,00028400003087,FritoLay Variety Pack Flavor Mix (32 - 1 Ounce) 32 Ounce 32 Pack Bag in Box,B00OOVQ758,2227,"Frito Lay Flavor Variety Pack, 32 Ounce",87130,"Frito Lay Flavor Variety Pack, 32 Ounce"
87145,"Frito-Lay BBQ Cookout Mix, 18.5 Ounce",NULL,NULL,00028400013956,"FritoLay BBQ Cookout Mix (14 - 1 Oz, 6 - 0.75 Oz) 18.5 Ounce 20 Ct Plastic Bag",B018G0Y81C,2815,"Frito-Lay BBQ Cookout Mix, 18.5 Ounce",87145,"Frito-Lay BBQ Cookout Mix, 18.5 Ounce"
87145,"Frito-Lay BBQ Cookout Mix, 18.5 Ounce",NULL,NULL,00028400013956,"FritoLay BBQ Cookout Mix (14 - 1 Oz, 6 - 0.75 Oz) 18.5 Ounce 20 Ct Plastic Bag",B0166R03VQ,2654,"Frito-Lay BBQ Cookout Mix, 18.5 Ounce",87145,"Frito-Lay BBQ Cookout Mix, 18.5 Ounce"
87188,"Fritos Scoops! Corn Chips, 14 Ounce",NULL,NULL,00028400039024,Fritos Scoops Corn Chips 14 Ounce Plastic Bag,B00NDMHCKI,56174,"Fritos Scoops! Corn Chips, 14 Ounce",87188,"Fritos Scoops! Corn Chips, 14 Ounce"
87194,"Fritos Corn Chips, Twists Honey BBQ, 10.25 Ounce (Pack of 4)",NULL,NULL,00028400039222,10.50OZ FRITOS HONEY BBQ TWIST,B00E3A375S,808,"Fritos Corn Chips, Twists Honey BBQ, 10.25 Ounce (Pack of 4)",87194,"Fritos Corn Chips, Twists Honey BBQ, 10.25 Ounce (Pack of 4)"
87195,"Fritos Corn Chips, Original, 10.25 Ounce (Pack of 4)",NULL,NULL,00028400039246,10.50OZ FRITOS REGULAR,B009IMCY28,726,"Fritos Corn Chips, Original, 10.25 Ounce",87195,"Fritos Corn Chips, Original, 10.25 Ounce (Pack of 4)"
87195,"Fritos Corn Chips, Original, 10.25 Ounce (Pack of 4)",NULL,NULL,00028400039246,10.50OZ FRITOS REGULAR,B00AUM3T7E,763,"Fritos Corn Chips, Original, 10.25 Ounce (Pack of 4)",87195,"Fritos Corn Chips, Original, 10.25 Ounce (Pack of 4)"
87197,"Fritos Corn Chips, Scoops, 10.25 Ounce (Pack of 4)",NULL,NULL,00028400039307,10.50OZ FRITOS SCOOPS,B00AULKCX4,761,"Fritos Corn Chips, Scoops, 10.25 Ounce (Pack of 4)",87197,"Fritos Corn Chips, Scoops, 10.25 Ounce (Pack of 4)"
87197,"Fritos Corn Chips, Scoops, 10.25 Ounce (Pack of 4)",NULL,NULL,00028400039307,10.50OZ FRITOS SCOOPS,B006M9Y78Y,704,"Fritos Corn Chips, Scoops, 10.25 Ounce",87197,"Fritos Corn Chips, Scoops, 10.25 Ounce (Pack of 4)"
87205,"Fritos Corn Chips, Chili Cheese, 1-Ounce Packages (Pack of 104)",NULL,NULL,00028400040044,Fritos Chili Cheese Corn Chips 1.0 Ounce Plastic Bag,B000VK9SFW,1334,"Fritos Corn Chips, Chili Cheese, 1-Ounce Packages (Pack of 104)",87205,"Fritos Corn Chips, Chili Cheese, 1-Ounce Packages (Pack of 104)"
87214,"Frito-Lay Peanuts, Hot, 1.62 Ounce (Pack of 96)",NULL,NULL,00028400041799,Munchies Flamin Hot Peanuts 1.625 Ounces Plastic Bag,B00NCSNNXI,1037,"Frito-Lay Peanuts, Hot, 1.62 Ounce (Pack of 96)",87214,"Frito-Lay Peanuts, Hot, 1.62 Ounce (Pack of 96)"
87220,"Frito Lay Sensible Variety Pack, Large Single Serve, 30-Count Packages (Pack of 2)",NULL,NULL,00028400043441,41.875OZ VARIETY 30 COUNT,B000ZYW65S,1433,"Frito Lay Sensible Variety Pack, Large Single Serve, 30-Count Packages (Pac",87220,"Frito Lay Sensible Variety Pack, Large Single Serve, 30-Count Packages (Pack of 2)"
87228,"Fritos Corn Chips, Chili Cheese, 2-Ounce Large Single Serve Bags (Pack of 64)",NULL,NULL,00028400047944,Fritos Chili Cheese Corn Chips 2.0 Ounce Plastic Bag,B000R7RLCQ,1185,"Fritos Corn Chips, Chili Cheese, 2-Ounce Large Single Serve Bags (Pack of 64)",87228,"Fritos Corn Chips, Chili Cheese, 2-Ounce Large Single Serve Bags (Pack of 64)"
87229,"Fritos Corn Chips, Flavor Twists Honey Barbeque, 2-Ounce Large Single Serve Bags (Pack of 64)",NULL,NULL,00028400047951,Fritos Flavor Twists Honey BBQ 2 Ounce Plastic Bag,B000R7VHN0,1213,"Fritos Corn Chips, Flavor Twists Honey Barbeque, 2-Ounce Large Single Serve Bags (Pack of 64)",87229,"Fritos Corn Chips, Flavor Twists Honey Barbeque, 2-Ounce Large Single Serve Bags (Pack of 64)"
87230,"Fritos Corn Chips, Barbeque, 2-Ounce Large Single Serve Bags (Pack of 64)",NULL,NULL,00028400047968,Fritos BAR-B-Q Corn Chips 2.00 Ounce Plastic Bag,B000R7VHIA,1212,"Fritos Corn Chips, Barbeque, 2-Ounce Large Single Serve Bags (Pack of 64)",87230,"Fritos Corn Chips, Barbeque, 2-Ounce Large Single Serve Bags (Pack of 64)"
87251,"Frito-Lay Bold/Spicy Variety Pack, 50 Ounce",NULL,NULL,00028400062367,Frito Lay Bold Mix (50 - 1 Ounce) 50 Ounce 50 Pack Plastic Bags,B00E1Z242W,772,"Frito-Lay Bold/Spicy Variety Pack, 50 Ounce",87251,"Frito-Lay Bold/Spicy Variety Pack, 50 Ounce"
87267,"Fritos Corn Chips, Chili Cheeze, 5.5-Ounce Canisters (Pack of 12)",NULL,NULL,00028400074070,FRITOS CHEESE 5.5Z,B000YPKPRY,1382,"Fritos Corn Chips, Chili Cheeze, 5.5-Ounce Canisters (Pack of 12)",87267,"Fritos Corn Chips, Chili Cheeze, 5.5-Ounce Canisters (Pack of 12)"
87268,"Fritos Corn Chips, Scoops, 5.5-Ounce Canisters (Pack of 12)",NULL,NULL,00028400074087,FRITOS SCOOPS REGULAR   5.5Z,B000YPMKZY,1397,"Fritos Corn Chips, Scoops, 5.5-Ounce Canisters (Pack of 12)",87268,"Fritos Corn Chips, Scoops, 5.5-Ounce Canisters (Pack of 12)"
87269,"Frito-Lay Cheetos Flamin' Hot, 4.75-Ounce Canisters (Pack of 12)",NULL,NULL,00028400074100,CHEETOS CRUNCHY FLAMIN' HOT 4.25Z,B000YPMKPE,604,"Frito-Lay Cheetos Flamin' Hot, 4.75-Ounce Canisters (Pack of 12)",87269,"Frito-Lay Cheetos Flamin' Hot, 4.75-Ounce Canisters (Pack of 12)"
87275,"Frito Lay Deluxe Mixed Nuts, 8-Count",NULL,NULL,00028400078481,Frito Lay Deluxe Mixed Nuts 2.75 Ounce Plastic Bag,B00B0609A4,1906,"Nut Harvest, Mixed Nuts, 2.75 oz (Pack of 8)",87275,"Frito Lay Deluxe Mixed Nuts, 8-Count"
87275,"Frito Lay Deluxe Mixed Nuts, 8-Count",NULL,NULL,00028400078481,Frito Lay Deluxe Mixed Nuts 2.75 Ounce Plastic Bag,B006OHDGKY,1796,"Frito Lay Deluxe Mixed Nuts, 8-Count",87275,"Frito Lay Deluxe Mixed Nuts, 8-Count"
87302,"Fritos Snack, Original, 9.75 Oz",NULL,NULL,0002840008411,9.25OZ FRITOS REGULAR,B00J0KV09G,451,"Fritos Snack, Original, 9.75 Oz",87302,"Fritos Snack, Original, 9.75 Oz"
87312,"Frito-Lay Premium Nuts Roasted Almonds, 3.0 Ounce (6 Count)",NULL,NULL,00028400088978,Frito Lay Roasted Almonds Salted 3 Ounce Plastic Bag,B00VS7OCXK,2509,"Frito-Lay Premium Nuts Roasted Almonds, 3.0 Ounce (6 Count)",87312,"Frito-Lay Premium Nuts Roasted Almonds, 3.0 Ounce (6 Count)"
87313,"Frito-Lay Trail Mix, Premium Fruit and Nut, 3 Ounce (6 count)",NULL,NULL,00028400089975,"Frito Lay Nut and Fruit Trail Mix 3 Ounces ",B00NCSNTRS,1039,"Frito-Lay Trail Mix, Premium Fruit and Nut, 3 Ounce (6 count)",87313,"Frito-Lay Trail Mix, Premium Fruit and Nut, 3 Ounce (6 count)"
87313,"Frito-Lay Trail Mix, Premium Fruit and Nut, 3 Ounce (6 count)",NULL,NULL,00028400089975,"Frito Lay Nut and Fruit Trail Mix 3 Ounces ",B008KVCE0K,2751,Frito Lay Trail Mix Nut & Fruit,87313,"Frito-Lay Trail Mix, Premium Fruit and Nut, 3 Ounce (6 count)"
87321,"Frito-Lay Premium Nuts Quality Trail Mix, Nuts and Chocolate, 3.0 Ounce (6 Count)",NULL,NULL,00028400091466,Frito Lay Nut and Chocolate Trail Mix 3 Ounces,B00VS7OCSU,2508,"Frito-Lay Premium Nuts Quality Trail Mix, Nuts and Chocolate, 3.0 Ounce (6 Count)",87321,"Frito-Lay Premium Nuts Quality Trail Mix, Nuts and Chocolate, 3.0 Ounce (6 Count)"
87323,"Fritos Corn Chips, Original, 0.75-Ounce Fun Size Packages (Pack of 120)",NULL,NULL,00028400091688,.75OZ FRITOS REGULAR,B000VK3ZJ2,1321,"Fritos Corn Chips, Original, 0.75-Ounce Fun Size Packages (Pack of 120)",87323,"Fritos Corn Chips, Original, 0.75-Ounce Fun Size Packages (Pack of 120)"
87327,"Frito-Lay Nuts, Pistachio, 1.75 Ounce (6 count)",NULL,NULL,00028400093729,Frito Lay Premium Quality In Shell Pistachio 1 3/4 Ounce Bag,B00NCSNU4A,1040,"Frito-Lay Nuts, Pistachio, 1.75 Ounce (6 count)",87327,"Frito-Lay Nuts, Pistachio, 1.75 Ounce (6 count)"
87329,"Fritos Corn Chips, Original, 2.88 Ounce",NULL,NULL,00028400097499,2.87OZ FRITOS REGULAR,B00E3A351O,807,"Fritos Corn Chips, Original, 2.88 Ounce (Pack of 12)",87329,"Fritos Corn Chips, Original, 2.88 Ounce"
87329,"Fritos Corn Chips, Original, 2.88 Ounce",NULL,NULL,00028400097499,2.87OZ FRITOS REGULAR,B009IMC8FG,722,"Fritos Corn Chips, Original, 2.88 Ounce",87329,"Fritos Corn Chips, Original, 2.88 Ounce"
87351,"Fritos Party Size Original, 128 Ounce (Pack of 8)",NULL,NULL,00028400122481,8/16.00OZ  BULK FRITOS,B00N4LUA9I,2142,"Fritos Party Size Original, 128 Ounce (Pack of 8)",87351,"Fritos Party Size Original, 128 Ounce (Pack of 8)"
87363,"Fritos Corn Chips, Party Size Scoops, 19 Ounce",NULL,NULL,00028400154734,Fritos Scoops Corn Chips 19 Ounce Party Size Bag,B00N0X1VIE,986,"Fritos Corn Chips, Party Size Scoops, 19 Ounce",87363,"Fritos Corn Chips, Party Size Scoops, 19 Ounce"
87364,"Fritos Corn Chips, Scoops, 10.25 oz.",NULL,NULL,00028400154758,Fritos Scoops 10.25z,B002RZ3TBS,277,"Fritos Corn Chips, Scoops, 10.25 oz.",87364,"Fritos Corn Chips, Scoops, 10.25 oz."
87378,"Frito-Lay Fiesta Variety Pack, 46.5 Ounce",NULL,NULL,00028400158213,Variety Pack Mixed 46.5 Ounces/2 Count,B00JY80XZG,2055,"Frito-Lay Fiesta Variety Pack, 46.5 Ounce",87378,"Frito-Lay Fiesta Variety Pack, 46.5 Ounce"
87446,"Fritos Chips, Chili Cheese, 9.75 oz",NULL,NULL,00028400240529,Fritos Chili Cheese Flavored Corn Chips 9.75 Ounce Plastic Bag,B00J0KQOCE,447,"Fritos Chips, Chili Cheese, 9.75 oz",87446,"Fritos Chips, Chili Cheese, 9.75 oz"
87446,"Fritos Chips, Chili Cheese, 9.75 oz",NULL,NULL,00028400240529,Fritos Chili Cheese Flavored Corn Chips 9.75 Ounce Plastic Bag,B00R1J3INE,2276,"Fritos Corn Chips, Chili Cheese, 9.75 Ounce",87446,"Fritos Chips, Chili Cheese, 9.75 oz"
87480,"Frito-Lay Sunflower Seeds, Original, 5 Ounce (Pack of 15)",NULL,NULL,00028400320405,Frito Lay Original Sunflower Seeds 5 Ounce Plastic Bag,B0166R015E,2650,"Frito-Lay Sunflower Seeds, Original, 5 Ounce (Pack of 15)",87480,"Frito-Lay Sunflower Seeds, Original, 5 Ounce (Pack of 15)"
87481,"Frito-Lay Sunflower Seeds, Ranch, 5 Ounce (Pack of 15)",NULL,NULL,00028400320504,Frito Lay Ranch Flavored Sunflower Seeds 5 Ounce Plastic Bag,B0166R017M,2651,"Frito-Lay Sunflower Seeds, Ranch, 5 Ounce (Pack of 15)",87481,"Frito-Lay Sunflower Seeds, Ranch, 5 Ounce (Pack of 15)"
87483,"Frito-Lay Sunflower Seeds, BBQ, 5 Ounce (Pack of 15)",NULL,NULL,00028400321686,Frito Lay BBQ Flavored Sunflower Seeds 5 Ounce Plastic Bag,B0166QZZJ2,2649,"Frito-Lay Sunflower Seeds, BBQ, 5 Ounce (Pack of 15)",87483,"Frito-Lay Sunflower Seeds, BBQ, 5 Ounce (Pack of 15)"
87484,"Fritos Corn Chips, Original, 1-Ounce Packages (Pack of 104)",NULL,NULL,00028400324052,104/1.00OZ FRITOS REGULAR,B000VK7VEC,1331,"Fritos Corn Chips, Original, 1-Ounce Packages (Pack of 104)",87484,"Fritos Corn Chips, Original, 1-Ounce Packages (Pack of 104)"
87499,"Fritos Flavor Twists, Honey BBQ, 4.25 oz",NULL,NULL,00028400417723,Fritos Honey BBQ Flavor Twists Corn Snack 4.25 Ounce Plastic Bag,B06XQ16BCS,57958,"Fritos Flavor Twists, Honey BBQ, 4.25 oz",87499,"Fritos Flavor Twists, Honey BBQ, 4.25 oz"
87500,"Fritos Original Corn Chips, 4.25 Ounce",NULL,NULL,00028400420495,Fritos Original Corn Chips 4.25 Ounce Plastic Bag,B01N236GD7,57952,"Fritos Original Corn Chips, 4.25 Ounce",87500,"Fritos Original Corn Chips, 4.25 Ounce"
87520,"Frito-Lay Fiesta Mix, 21 Ounce",NULL,NULL,00028400440882,"Lay's Doritos Ruffles Fiesta Mix 20 Singles (12 - 1 Ounce, 8 - 1.125 Ounce) 21 Ounce Plastic Bags",B018G0YW5E,2818,"Frito-Lay Fiesta Mix, 21 Ounce",87520,"Frito-Lay Fiesta Mix, 21 Ounce"
87520,"Frito-Lay Fiesta Mix, 21 Ounce",NULL,NULL,00028400440882,"Lay's Doritos Ruffles Fiesta Mix 20 Singles (12 - 1 Ounce, 8 - 1.125 Ounce) 21 Ounce Plastic Bags",B0166R05CI,2657,"Frito-Lay Fiesta Mix Variety Pack, 20 Count",87520,"Frito-Lay Fiesta Mix, 21 Ounce"
87549,"Frito-Lay Variety Pack, Sunchips Mix, 45 Ounce (Pack of 2)",NULL,NULL,00028400465724,Sunchips Variety Pack 45 Ounce (30 Count) 2 Count Case,B006O831CG,1794,"Frito-Lay Variety Pack, Sunchips Mix, 45 Ounce (Pack of 2)",87549,"Frito-Lay Variety Pack, Sunchips Mix, 45 Ounce (Pack of 2)"
87562,"Frito-Lay Variety Pack, Classic Mix, 51.5 Ounce (Pack of 2)",NULL,NULL,00028400523479,2/51.50OZ  30CT LSS VARIETY PACK,B006UQKSUU,1801,"Frito-Lay Variety Pack, Classic Mix, 51.5 Ounce (Pack of 2)",87562,"Frito-Lay Variety Pack, Classic Mix, 51.5 Ounce (Pack of 2)"
87569,"Frito-Lay Sunflower Seeds, 4.25 Ounce (Pack of 28)",NULL,NULL,0028400559577,"Frito-Lay Sunflower Seeds, 4.25 Ounce (Pack of 28)",B00HKHXAAS,2013,"Frito-Lay Sunflower Seeds, 4.25 Ounce (Pack of 28)",87569,"Frito-Lay Sunflower Seeds, 4.25 Ounce (Pack of 28)"
87573,"Frito-lay Smart Mix Variety Pack, 40.875 Ounce (Pack of 2)",NULL,NULL,00028400563222,2/40.87OZ  30CT SMART VP,B00EIFKZMG,1952,"Frito-lay Smart Mix Variety Pack, 40.875 Ounce (Pack of 2)",87573,"Frito-lay Smart Mix Variety Pack, 40.875 Ounce (Pack of 2)"
87574,"Frito-lay Smart Mix Variety Pack, 30 Pack",NULL,NULL,00028400563222,2/40.87OZ  30CT SMART VP,B00F0BYI2K,1956,"Frito-lay Smart Mix Variety Pack, 30 Pack",87574,"Frito-lay Smart Mix Variety Pack, 30 Pack"
87575,"Fritos Corn Chips, Original, 4 Ounce (Pack of 28)",NULL,NULL,00028400566278,28/4.00OZ  XVL FR REG,B00DXORGA2,1940,"Fritos Corn Chips, Original, 4 Ounce (Pack of 28)",87575,"Fritos Corn Chips, Original, 4 Ounce (Pack of 28)"
87597,"Fritos Ranch Flavored Corn Chips, 4.25 Ounce",NULL,NULL,00028400594622,Fritos Classic Ranch Corn Chips 4.25 Ounce Plastic Bag,B01ND1BLYI,57928,"Fritos Ranch Flavored Corn Chips, 4.25 Ounce",87597,"Fritos Ranch Flavored Corn Chips, 4.25 Ounce"
87634,"Frito-Lay Party Pack, Chips and Dips Variety Box, 5 Count",NULL,NULL,00028400651851,Party Variety Pack 5 count 49.25ounces,B01MQWC1FA,56663,"Frito-Lay Party Pack, Chips and Dips Variety Box, 5 Count",87634,"Frito-Lay Party Pack, Chips and Dips Variety Box, 5 Count"
87635,Frito-Lay Chips and Dip Party Mix Variety Pack,NULL,NULL,00028400652742,Party Variety Pack  5 Count 49 ounces,B01MZ8T17P,57110,Frito-Lay Chips and Dip Party Mix Variety Pack,87635,Frito-Lay Chips and Dip Party Mix Variety Pack
87641,"Frito-Lay Classic Mix Variety Pack, 40 Count",NULL,NULL,00028400662970,Frito Lay EComm 40CT VP Classic 40 ounces,B06XWQ4M4B,57933,"Frito-Lay Classic Mix Variety Pack, 40 Count",87641,"Frito-Lay Classic Mix Variety Pack, 40 Count"
87653,"Frito-Lay Gluten Free Mix Variety Pack, 40 Count",NULL,NULL,00028400922630,Frito Gluten Free V Pack 40 ct 37.81ounce,B06ZXW54YW,81154,"Frito-Lay Gluten Free Mix Variety Pack, 40 Count",87653,"Frito-Lay Gluten Free Mix Variety Pack, 40 Count"
87844,"Fritos Corn Chips, Twists Honey BBQ, 10.25 Ounce",NULL,NULL,0490710510898,"Fritos Corn Chips, Twists Honey BBQ, 10.25 Ounce",B008KFNZHM,711,"Fritos Corn Chips, Twists Honey BBQ, 10.25 Ounce",87844,"Fritos Corn Chips, Twists Honey BBQ, 10.25 Ounce"
87972,"Frito-Lay Chips Classic mix Multipack, 20 Count",NULL,NULL,0639277527868,"Frito-Lay Chips Classic mix Multipack, 20 Count",B000UEUAGU,116,"Frito-Lay Chips Classic mix Multipack, 20 Count",87972,"Frito-Lay Chips Classic mix Multipack, 20 Count"
87972,"Frito-Lay Chips Classic mix Multipack, 20 Count",NULL,NULL,0639277527868,"Frito-Lay Chips Classic mix Multipack, 20 Count",B073QMN75M,87089,"Frito-Lay Classic Mix Variety Pack, 35 Count",87972,"Frito-Lay Chips Classic mix Multipack, 20 Count"
88095,"Frito-Lay Bold Mix Variety Pack, 20 Count",NULL,NULL,0778894572520,"Frito-Lay Bold Mix Variety Pack, 20 Count",B016BA13PI,2664,"Frito-Lay Bold Mix Variety Pack, 20 Count",88095,"Frito-Lay Bold Mix Variety Pack, 20 Count"
88130,"Frito-Lay Variety Pack, Classic Mix, 30 pack- 51.5 oz",NULL,NULL,0804993505043,"Frito-Lay Variety Pack, Classic Mix, 30 pack- 51.5 oz",B00CHUCBIK,1915,"Frito-Lay Variety Pack, Classic Mix, 30 pack- 51.5 oz",88130,"Frito-Lay Variety Pack, Classic Mix, 30 pack- 51.5 oz"
88168,"Frito Lay Flavor Variety Pack, 32 oz",NULL,NULL,0885260481253,"Frito Lay Flavor Variety Pack, 32 oz",B007FGWS34,336,"Frito Lay Flavor Variety Pack, 32 oz",88168,"Frito Lay Flavor Variety Pack, 32 oz"
88169,"Fritos Cheese Dip, Jalapeno Cheddar, 9 Ounce (Pack of 6)",NULL,NULL,0885260482403,"Fritos Cheese Dip, Jalapeno Cheddar, 9 Ounce (Pack of 6)",B00AKLJVZY,758,"Fritos Cheese Dip, Jalapeno Cheddar, 9 Ounce (Pack of 6)",88169,"Fritos Cheese Dip, Jalapeno Cheddar, 9 Ounce (Pack of 6)"
88170,"Fritos Bean Dip, 9 Ounce (Pack of 6)",NULL,NULL,0885260484193,"Fritos Bean Dip, 9 Ounce (Pack of 6)",B00AKLK87Y,759,"Fritos Bean Dip, 9 Ounce (Pack of 6)",88170,"Fritos Bean Dip, 9 Ounce (Pack of 6)"
88224,"Fritos Corn Chips, Honey BBQ Twists, 10.25 oz",NULL,NULL,00028400156028,Fritos Honey Bbq 10.25z,B002RZ22OI,275,"Fritos Corn Chips, Honey BBQ Twists, 10.25 oz",88224,"Fritos Corn Chips, Honey BBQ Twists, 10.25 oz"
88253,"Fritos Chili Cheese, 4.25 oz",NULL,NULL,00028400419222,Fritos Chili Cheese Flavored Corn Chips 4.25 Ounce Plastic Bag,B014JRXP9W,57941,"Fritos Chili Cheese, 4.25 oz",88253,"Fritos Chili Cheese, 4.25 oz"
88383,"Frito-Lay Ultimate Snacks Care Package with Hot & Spicy Variety of Chips, Nuts & More, 42.27 Ounce",NULL,NULL,00028400122108,1CT 42.28OZ VARIETY PACK MIXED,B0792T5NZY,102108,"Frito-Lay Ultimate Snacks Care Package with Hot & Spicy Variety of Chips, Nuts & More, 42.27 Ounce",88383,"Frito-Lay Ultimate Snacks Care Package with Hot & Spicy Variety of Chips, Nuts & More, 42.27 Ounce"
99095,"Frito-Lay Fun Times Mix Variety Pack, 40 Count",NULL,NULL,00028400104142,Frito Lay Variety Pack Fun Times Mix 40 count 38 ounce,B076H6F974,93821,"Frito-Lay Fun Times Mix Variety Pack, 40 Count",99095,"Frito-Lay Fun Times Mix Variety Pack, 40 Count"
108516,FRITO LAY ORGNL MIX 18CT 16 OZ,NULL,NULL,00028400154581,"Frito Lay Original Mix Variety Pack (14 - 1 Ounce, 4 - .5 Ounce) 16 Ounce 18 Pack Plastic Bag",B07GFDDD6F,119351,"Frito-Lay 18 Piece VP Originals Mix, 16 Ounce",108516,FRITO LAY ORGNL MIX 18CT 16 OZ
108721,"Frito-Lay 2Go Family Fun Mix Variety Pack, 20 Ct",NULL,NULL,00028400190435,"Lays Ruffles Cheetos Fritos Funyuns Cheetos Family Fun Mix (14 -1 Oz, 3 - 0.875 Oz, 3 - 0.75 Oz) 18.875 Ounce Plastic Bags",B079V3495Q,102703,"Frito-Lay Family Fun Mix Variety Pack, 18.88 Ounce",108721,"Frito-Lay 2Go Family Fun Mix Variety Pack, 20 Ct"
108721,"Frito-Lay 2Go Family Fun Mix Variety Pack, 20 Ct",NULL,NULL,00028400190435,"Lays Ruffles Cheetos Fritos Funyuns Cheetos Family Fun Mix (14 -1 Oz, 3 - 0.875 Oz, 3 - 0.75 Oz) 18.875 Ounce Plastic Bags",B078HT687Z,115266,"Frito-Lay Family Fun Mix Variety Pack, 20 Count",108721,"Frito-Lay 2Go Family Fun Mix Variety Pack, 20 Ct"
108927,"Frito-Lay Lunch Box Builder, Variety Box of Chips and Chewy Bars, 30 Count, 27.6 Ounce",NULL,NULL,00028400150347,Frito Lay Hello Snacks Lunch Box 30 Count Mix 27.6 Ounces,B07DQ6T4K3,115453,"Frito-Lay Lunch Box Builder, Variety Box of Chips and Chewy Bars, 30 Count, 27.6 Ounce",108927,"Frito-Lay Lunch Box Builder, Variety Box of Chips and Chewy Bars, 30 Count, 27.6 Ounce"
115445,Frito-Lay Multipack 32ct 30oz,NULL,NULL,00028400067355,"FritoLay Spicy Party Mix Variety Pack (21 - 1 Ounce, 6 - .875 Ounce, 5 - .75 Ounce) 30 Ounce 32 Count Bag",B079V3Q112,102660,"Frito-Lay Flamin' Hot Mix Variety Pack, 30 Ounce",115445,Frito-Lay Multipack 32ct 30oz
115445,Frito-Lay Multipack 32ct 30oz,NULL,NULL,00028400067355,"FritoLay Spicy Party Mix Variety Pack (21 - 1 Ounce, 6 - .875 Ounce, 5 - .75 Ounce) 30 Ounce 32 Count Bag",B078HX5PTX,102416,"Frito-Lay Flamin' Hot Mix Variety Pack, 36 Count",115445,Frito-Lay Multipack 32ct 30oz
115459,Frito-Lay Multipack 18ct 15.75oz,NULL,NULL,00028400074230,Frito Lay Purely Delicious Mix Multipack (18 - .875 Ounce) 15.75 Ounces 18 Pack Plastic Bags,B079TNG2Q9,102674,"Frito-Lay Purely Delicious Mix, 15.75 Ounce",115459,Frito-Lay Multipack 18ct 15.75oz
115459,Frito-Lay Multipack 18ct 15.75oz,NULL,NULL,00028400074230,Frito Lay Purely Delicious Mix Multipack (18 - .875 Ounce) 15.75 Ounces 18 Pack Plastic Bags,B0069HSOYM,102360,"Frito-Lay Purely Delicious Mix, 18 Count",115459,Frito-Lay Multipack 18ct 15.75oz
115478,"FritoLay Crunch & Pop Mix (10 - .875Oz, 8 - .5Oz) 12.75 Ounces 18Ct Bags",NULL,NULL,00028400068666,Frito Lay Smartfood Delight & Simply 18Ct Multipack 12.75 ounce,B078HVM6L8,102430,"Frito-Lay Crunch & Pop Mix Variety Pack, 18 Count",115478,"FritoLay Crunch & Pop Mix (10 - .875Oz, 8 - .5Oz) 12.75 Ounces 18Ct Bags"
115478,"FritoLay Crunch & Pop Mix (10 - .875Oz, 8 - .5Oz) 12.75 Ounces 18Ct Bags",NULL,NULL,00028400068666,Frito Lay Smartfood Delight & Simply 18Ct Multipack 12.75 ounce,B079V2PFW6,102689,"Frito-Lay Crunch & Pop Mix Variety Pack, 12.75 Ounce",115478,"FritoLay Crunch & Pop Mix (10 - .875Oz, 8 - .5Oz) 12.75 Ounces 18Ct Bags"
117254,"Frito-Lay Bold Mix Variety Pack, 35 Count",NULL,NULL,00028400020503,E-Commerce Bold Mix Variety Pack- 35 count- 33.45  ounce,B073QM3SKD,87088,"Frito-Lay Bold Mix Variety Pack, 35 Count",117254,"Frito-Lay Bold Mix Variety Pack, 35 Count"
117260,"Frito-Lay Classic Mix Variety Pack, 40 Count",NULL,NULL,00028400104111,Frito Lay Variety Pack  Mixed 40 count 38.5 Ounce,B071J7HRHY,82593,"Frito-Lay Classic Mix Variety Pack, 40 Count",117260,"Frito-Lay Classic Mix Variety Pack, 40 Count"
117281,"Frito-Lay Ultimate Snacks Care Package, Classic Variety Assortment of Chips, Cookies, Crackers, & Nuts, 40 Count",NULL,NULL,00028400122054,Frito Lay Variety Pack 40 Ct/ 47.46 Ounce,B0792MHVMV,102127,"Frito-Lay Ultimate Snacks Care Package, Classic Variety Assortment of Chips, Cookies, Crackers, & Nuts, 40 Count",117281,"Frito-Lay Ultimate Snacks Care Package, Classic Variety Assortment of Chips, Cookies, Crackers, & Nuts, 40 Count"
117282,"Frito-Lay Ultimate Snacks Care Package, Flavor Variety Assortment of Chips, Cookies, Crackers, & Nuts, 40 Count",NULL,NULL,00028400122085,Frito Lay Flavor V Pk 40 Ct 47.81 OZ,B0792L2989,102146,"Frito-Lay Ultimate Snacks Care Package, Flavor Variety Assortment of Chips, Cookies, Crackers, & Nuts, 40 Count",117282,"Frito-Lay Ultimate Snacks Care Package, Flavor Variety Assortment of Chips, Cookies, Crackers, & Nuts, 40 Count"
117295,Frito-Lay Send & Share 30 Piece Variety Snack Box,NULL,NULL,00028400141956,Frito Lay Send & Share Mix 30 Count 37.155 Ounce,B079ZZ3XP8,115203,Frito-Lay Send & Share 30 Piece Variety Snack Box,117295,Frito-Lay Send & Share 30 Piece Variety Snack Box
117312,"Frito-Lay Baseball Snack Box, Variety Box of Cracker Jack, Spitz Sunflower Seeds, and In Shell Peanuts, 28 Count, 66.5 Ounce",NULL,NULL,00028400150385,Frito Lay Baseball Snack Box 66.5 Ounce,B07DQ8PD9D,115455,"Frito-Lay Baseball Snack Box, Variety Box of Cracker Jack, Spitz Sunflower Seeds, and In Shell Peanuts, 28 Count, 66.5 Ounce",117312,"Frito-Lay Baseball Snack Box, Variety Box of Cracker Jack, Spitz Sunflower Seeds, and In Shell Peanuts, 28 Count, 66.5 Ounce"
117313,"Frito-Lay Flamin' Hot Mix 40 Piece Variety Pack, 38.5 Ounce",NULL,NULL,00028400150934,FritoLay Flamin Hot Mix Variety Pack 38.5 Ounces 40 Count Plastic Bags,B07C243QTD,115247,"Frito-Lay Flamin' Hot Mix 40 Piece Variety Pack, 38.5 Ounce",117313,"Frito-Lay Flamin' Hot Mix 40 Piece Variety Pack, 38.5 Ounce"
117333,"Fritos Reduced Fat Whole Grain Corn Chips, 16 Ounce (Pack of 8)",NULL,NULL,00028400561358,Fritos Reduced Fat Corn Chips 16 Ounce Plastic Bag,B07CT1K2BR,115487,"Fritos Reduced Fat Whole Grain Corn Chips, 16 Ounce (Pack of 8)",117333,"Fritos Reduced Fat Whole Grain Corn Chips, 16 Ounce (Pack of 8)"
120663,"Fritos 12 Piece Frito-Lay Top N Go Fritos Scoops, 10.5 Ounce",NULL,NULL,00028400204330,Fritos Scoops Corn Snacks Top-N-Go 3.5 Ounce/12,B07FWPJXPS,119348,"Fritos 12 Piece Frito-Lay Top N Go Fritos Scoops, 10.5 Ounce",120663,"Fritos 12 Piece Frito-Lay Top N Go Fritos Scoops, 10.5 Ounce"
122163,"Frito-Lay Top N Go Doritos Nacho Cheese, 2.5oz (12 Count)",NULL,NULL,00028400204231,Doritos Nacho Cheese Top-N-Go Tortilla Chips 2.5 Ounce/12 Plastic Bag,B07FX52ZDQ,119375,"Frito-Lay Top N Go Doritos Nacho Cheese, 2.5oz (12 Count)",122163,"Frito-Lay Top N Go Doritos Nacho Cheese, 2.5oz (12 Count)"
125666,"Frito-Lay Classic Mix Variety Pack, 18 Count",NULL,NULL,00028400154406,Frito Lay Classic Mix Variety Pack (18 - 1 OZ) 18 Ounce Plastic Bag,B07G38C4JG,119400,"Frito-Lay Classic Mix Variety Pack, 18 Count",125666,"Frito-Lay Classic Mix Variety Pack, 18 Count"
125666,"Frito-Lay Classic Mix Variety Pack, 18 Count",NULL,NULL,00028400154406,Frito Lay Classic Mix Variety Pack (18 - 1 OZ) 18 Ounce Plastic Bag,B07GF7474B,119357,"Frito-Lay 18CT VP CLASSIC MIX, 18 Ounce",125666,"Frito-Lay Classic Mix Variety Pack, 18 Count"
125667,"Frito-Lay Flavor Mix Variety Pack, 18 Count",NULL,NULL,00028400154437,Frito Lay Flavor Mix Variety Pack (18 - 1 Ounce) 18 Ounces 18 Pack Plastic Bags,B07GF74743,119446,"Frito-Lay 18 Piece VP Flavor Mix, 18 Ounce",125667,"Frito-Lay Flavor Mix Variety Pack, 18 Count"
125667,"Frito-Lay Flavor Mix Variety Pack, 18 Count",NULL,NULL,00028400154437,Frito Lay Flavor Mix Variety Pack (18 - 1 Ounce) 18 Ounces 18 Pack Plastic Bags,B07G348HYR,119384,"Frito-Lay Flavor Mix Variety Pack, 18 Count",125667,"Frito-Lay Flavor Mix Variety Pack, 18 Count"
125668,"Frito-Lay 18 Piece VP Doritos & Cheetos Mix, 17.625 Ounce",NULL,NULL,00028400154468,"Doritos & Cheetos Mix Variety Pack (3-0.875 Ounce, 15-1 Ounce) 17.625 Ounces 18 Count Plastic Bags",B07G2SP5YT,119432,"Frito-Lay Doritos & Cheetos Mix Variety Pack, 18 Count",125668,"Frito-Lay 18 Piece VP Doritos & Cheetos Mix, 17.625 Ounce"
125668,"Frito-Lay 18 Piece VP Doritos & Cheetos Mix, 17.625 Ounce",NULL,NULL,00028400154468,"Doritos & Cheetos Mix Variety Pack (3-0.875 Ounce, 15-1 Ounce) 17.625 Ounces 18 Count Plastic Bags",B07GFJGMSF,119442,"Frito-Lay 18 Piece VP Doritos & Cheetos Mix, 17.625 Ounce",125668,"Frito-Lay 18 Piece VP Doritos & Cheetos Mix, 17.625 Ounce"
125669,"Frito-Lay Fiery Mix Variety Pack, 18 Count",NULL,NULL,00028400154475,"Frito Lay  Snacks, Fiery Mix Variety Pack, 18 Single Bags, 17-  3/4 Oz",B07GFDDD64,119359,"Frito-Lay 18 Piece VP Fiery Mix, 17.75 Ounce",125669,"Frito-Lay Fiery Mix Variety Pack, 18 Count"
125669,"Frito-Lay Fiery Mix Variety Pack, 18 Count",NULL,NULL,00028400154475,"Frito Lay  Snacks, Fiery Mix Variety Pack, 18 Single Bags, 17-  3/4 Oz",B07G3482SF,119437,"Frito-Lay Fiery Mix Variety Pack, 18 Count",125669,"Frito-Lay Fiery Mix Variety Pack, 18 Count"
125670,"Frito-Lay Cheesy Mix Variety Pack, 18 Count",NULL,NULL,00028400154512,"Frito Lay Cheesy Mix Variety Pack (15 - 1 Ounce, 3 - .875 Ounce) 17.625 Ounce 18 Count Plastic Bag",B07G2SP171,119426,"Frito-Lay Cheesy Mix Variety Pack, 18 Count",125670,"Frito-Lay Cheesy Mix Variety Pack, 18 Count"
125670,"Frito-Lay Cheesy Mix Variety Pack, 18 Count",NULL,NULL,00028400154512,"Frito Lay Cheesy Mix Variety Pack (15 - 1 Ounce, 3 - .875 Ounce) 17.625 Ounce 18 Count Plastic Bag",B07GFJRR97,119455,"Frito-Lay 18 Piece VP Cheesy Mix, 17.625 Ounce",125670,"Frito-Lay Cheesy Mix Variety Pack, 18 Count"
125672,"Frito-Lay 18 Piece VP Baked & Popped Mix, 15 Ounce",NULL,NULL,00028400154659,"Frito Lay Baked and Popped Mix (3-.5oz, 12-.875oz, 3-1oz) 15.0 Ounce 18 Count Variety Pack Plastic Bag",B07GFK9LSX,119356,"Frito-Lay 18 Piece VP Baked & Popped Mix, 15 Ounce",125672,"Frito-Lay 18 Piece VP Baked & Popped Mix, 15 Ounce"
125672,"Frito-Lay 18 Piece VP Baked & Popped Mix, 15 Ounce",NULL,NULL,00028400154659,"Frito Lay Baked and Popped Mix (3-.5oz, 12-.875oz, 3-1oz) 15.0 Ounce 18 Count Variety Pack Plastic Bag",B07G3BWXCP,119732,"Frito-Lay 18 Piece VP Mix, Baked & Popped, 15 Ounce",125672,"Frito-Lay 18 Piece VP Baked & Popped Mix, 15 Ounce"
125673,"Frito-Lay Bold Mix Variety Pack, 18 Count",NULL,NULL,00028400155410,"Frito Lay Bold Mix Variety Pack (14 - 1 Ounce, 4 - .75 Ounce) 17.0 Ounce 18 Count Plastic Bag",B07G2SNR3C,119390,"Frito-Lay Bold Mix Variety Pack, 18 Count",125673,"Frito-Lay Bold Mix Variety Pack, 18 Count"
125673,"Frito-Lay Bold Mix Variety Pack, 18 Count",NULL,NULL,00028400155410,"Frito Lay Bold Mix Variety Pack (14 - 1 Ounce, 4 - .75 Ounce) 17.0 Ounce 18 Count Plastic Bag",B07GFD9YT7,119360,"Frito-Lay 18 Piece VP Bold Mix, 17 Ounce",125673,"Frito-Lay Bold Mix Variety Pack, 18 Count"
125674,"Frito-Lay 28 Piece VP Fun TIMES Mix Cube, 26.5 Ounce",NULL,NULL,00028400155830,"FritoLay Fun Times Party Mix Variety Pack (3-.625 Ounce, 3-.875 Ounce, 22-1 Ounce) 26.5 Ounces 28 Count Plastic Bags",B07G39L3Q6,119440,"Frito-Lay Fun Times Mix Variety Pack, 28 Count",125674,"Frito-Lay 28 Piece VP Fun TIMES Mix Cube, 26.5 Ounce"
125674,"Frito-Lay 28 Piece VP Fun TIMES Mix Cube, 26.5 Ounce",NULL,NULL,00028400155830,"FritoLay Fun Times Party Mix Variety Pack (3-.625 Ounce, 3-.875 Ounce, 22-1 Ounce) 26.5 Ounces 28 Count Plastic Bags",B07GFKJD49,119353,"Frito-Lay 28 Piece VP Fun TIMES Mix Cube, 26.5 Ounce",125674,"Frito-Lay 28 Piece VP Fun TIMES Mix Cube, 26.5 Ounce"
125675,"Frito-Lay 28 Piece VP Party Mix Cube, 27 Ounce",NULL,NULL,00028400155861,"FritoLay Party Mix Variety Pack (3-.75 Ounce, 25-1 Ounce) 27.25 Ounces 28 Count Plastic Bags",B07GFJRR9V,119342,"Frito-Lay 28 Piece VP Party Mix Cube, 27 Ounce",125675,"Frito-Lay 28 Piece VP Party Mix Cube, 27 Ounce"
125675,"Frito-Lay 28 Piece VP Party Mix Cube, 27 Ounce",NULL,NULL,00028400155861,"FritoLay Party Mix Variety Pack (3-.75 Ounce, 25-1 Ounce) 27.25 Ounces 28 Count Plastic Bags",B07G348HYQ,119431,"Frito-Lay Party Mix Variety Pack, 28 Count",125675,"Frito-Lay 28 Piece VP Party Mix Cube, 27 Ounce"
125676,"Frito-Lay 28 Piece VP Spicy Party Mix Cube, 26.375 Ounce",NULL,NULL,00028400155878,"Frito Lay Spicy Party Mix Variety Pack (19 - 1 Ounce, 5 - .875 Ounce, 4 - .75 Ounce) 26.375 Ounces 28 Count Plastic Bags",B07G2SP5Z5,122893,Frito-Lay 28 Piece VP Mix Cube Spicy Party 26.375 Ounce,125676,"Frito-Lay 28 Piece VP Spicy Party Mix Cube, 26.375 Ounce"
125676,"Frito-Lay 28 Piece VP Spicy Party Mix Cube, 26.375 Ounce",NULL,NULL,00028400155878,"Frito Lay Spicy Party Mix Variety Pack (19 - 1 Ounce, 5 - .875 Ounce, 4 - .75 Ounce) 26.375 Ounces 28 Count Plastic Bags",B07GFH3BGC,119443,"Frito-Lay 28 Piece VP Spicy Party Mix Cube, 26.375 Ounce",125676,"Frito-Lay 28 Piece VP Spicy Party Mix Cube, 26.375 Ounce"
125778,"Frito-Lay 18 Piece VP Barbeque Mix, 16 Ounce",NULL,NULL,00028400154628,"Frito Lay BBQ Cookout Mix Variety Pack (8-1 Ounce, 5-.85 Ounce, 5-.75 Ounce) 16.0 Ounces 18 Count Plastic Bags",B07GF6ZDHD,119463,"Frito-Lay 18 Piece VP Barbeque Mix, 16 Ounce",125778,"Frito-Lay 18 Piece VP Barbeque Mix, 16 Ounce"
147434,FRITOS CORN CHIPS 1 OZ,NULL,NULL,0002840009096,FRITOS CORN CHIPS 1 OZ,B07KX9PFCW,122904,Fritos Corn Chips Chili Cheese 1oz Bags 40 Count,147434,FRITOS CORN CHIPS 1 OZ
147491,"Frito-Lay Top N Go Variety Pack, 12 Count",NULL,NULL,00028400204385,"Frito Lay Top-N-Go Variety Pack 33 OZ (9-2.5 OZ, 3-3.5 OZ)",B07FWWNQJN,119358,"Frito-Lay 12 Piece Top N Go Variety Pack, 33 Ounce",147491,"Frito-Lay Top N Go Variety Pack, 12 Count"
147494,"Frito-Lay Top N Go Cheetos Crunchy Flamin' Hot, 2.5oz (12 Count)",NULL,NULL,00028400204361,Cheetos Crunchy Top-N-Go Flamin Hot Cheese Flavored Snacks 2.5 Ounce/12,B07FWVRV7B,119544,"Frito-Lay Top N Go Cheetos Crunchy Flamin' Hot, 2.5oz (12 Count)",147494,"Frito-Lay Top N Go Cheetos Crunchy Flamin' Hot, 2.5oz (12 Count)"
147495,"Frito-Lay Top N Go Tostitos Bite Size Rounds, 2.5oz (12 Count)",NULL,NULL,00028400204279,Tostitos Bite Size TopNGo Tortilla Chips 2.5 Ounce/12 Plastic Bag,B07FWS36Q5,119354,"Tostitos Frito-Lay Top N Go Tostitos Bite Size Rounds, 7.5 Ounce",147495,"Frito-Lay Top N Go Tostitos Bite Size Rounds, 2.5oz (12 Count)"
200280,Frito Lays Variety Sack 18Ct,NULL,NULL,00028400205467,FritoLay Classic Mix Variety Pack 1 Oz 18 Count Bags,B07MJLWZWV,123063,Frito-Lay Frito-Lay Classic Mix Variety Pack 18 Count 18 Count,200280,Frito Lays Variety Sack 18Ct
200280,Frito Lays Variety Sack 18Ct,NULL,NULL,00028400205467,FritoLay Classic Mix Variety Pack 1 Oz 18 Count Bags,B07MYF5HP2,123094,Frito-Lay Classic Mix Variety Pack 18 Count,200280,Frito Lays Variety Sack 18Ct
200370,Fritos Corn Chips Original 10.25 oz,NULL,NULL,00028400156004,Fritos Regular 10.25z,B000UEP4D4,101,"Fritos Corn Chips, Original, 10.25 oz",200370,Fritos Corn Chips Original 10.25 oz
200381,Fritos Spicy Corn Chips Jalapeno Flavored 2 Ounce Pack of 64,NULL,NULL,00028400666312,Fritos  Corn Chips Spicy Jalapeno Flavored 2 Oz,B07CTTGH1V,115485,"Fritos Spicy Corn Chips, Jalapeno Flavored, 2 Ounce (Pack of 64)",200381,Fritos Spicy Corn Chips Jalapeno Flavored 2 Ounce Pack of 64
200701,Frito-Lay Frito-Lay Cheesy Mix Variety Pack 18ct 18 Count,NULL,NULL,00028400227728,"FritoLay Cheesy Mix Variety Pack (15-1Oz, 3-.875Oz) 18 Count Bags",B07N1JB39V,123077,Frito-Lay Frito-Lay Cheesy Mix Variety Pack 18ct 18 Count,200701,Frito-Lay Frito-Lay Cheesy Mix Variety Pack 18ct 18 Count
202091,"Lay's Frito-Lay Crunch & Pop Mix Variety Pack, 8 Ounce",NULL,NULL,00028400156257,"Frito Lay Crunch & Pop Mix (8 - .875 Ounce, 8 - .5 Ounce) 11.0 Ounces 16 Count Plastic Bags",B079V37FJK,102664,"Lay's Frito-Lay Crunch & Pop Mix Variety Pack, 8 Ounce",202091,"Lay's Frito-Lay Crunch & Pop Mix Variety Pack, 8 Ounce"
