ASINMasterId,ASIN,Product_Description
-1,<UnAssigned>,<UnAssigned>
1,B0005YXZMQ,"Aunt Jemima Pancake Syrup Lite, 24 oz"
2,B00061ES1K,"Starbucks Doubleshot Espresso and Cream, 6.5 oz"
3,B00099E93Q,"Quaker Granola Oats, Honey, Almonds & Raisins, 100% Natural, 28 oz"
4,B00099XLXU,"Quaker Oats Quick 1-Minute Oatmeal, Breakfast Cereal, 18oz Canister"
5,B00099XM0M,"Quaker Chewy Dipps Granola Bars, Chocolate Chip, 6 ct - 1.09 oz each"
6,B000PL0YEG,"Pasta Roni Fettuccine Alfredo, 4.7 oz"
7,B000PL0YG4,"Pasta Roni Angel Hair Pasta with Herbs, 4.8 oz"
8,B000PL2VTW,"Rice A Roni, Herb & Butter Flavor, Rice Mix, 7.2 oz"
9,B000PL2VW4,"Pasta Roni, Parmesan Cheese Flavor, 5.1 Oz"
10,B000PL478A,"Rice A Roni Rice Pilaf, 7.2 oz"
11,B000PRMFL0,"Smartfood White Cheddar Popcorn, 5 oz"
12,B000PRODOM,"Cheetos, Flamin Hot Crunchy, 9.5 oz"
13,B000PUJ01K,"Pasta Roni Shells and White Cheddar, 6.2 oz"
14,B000PWIR7Q,"Quaker Popped Rice Crisp Snacks, Gluten Free, Cheddar Cheese, 6.06 Ounce Bag"
15,B000PWK3KK,Quaker Quick Oats Large - 42 oz
16,B000PWK3MI,"Quaker Life Original Cereal, 18oz"
17,B000PWK3OQ,"Quaker Rice Cakes, Gluten Free White Cheddar, 5.50 oz"
18,B000PWNIE8,"Quaker Old Fashioned Oatmeal, Breakfast Cereal, 42 oz Canister"
19,B000PWNIJI,"Quaker Rice Cakes, Lightly Salted, 4.47 oz"
20,B000Q6RHU4,"Tropicana, Orange Juice, No Pulp, 118 oz"
21,B000Q6T6IU,"Dole 100% Juice, Orange Strawberry Banana, 59 oz"
22,B000Q6V1XI,"Tropicana, Orange Juice with Calcium + Vitamin D, No Pulp, 118 oz"
23,B000Q6V1YC,"Dole, 100% Juice Pineapple Orange Banana, 59 oz"
24,B000R2Z2Y0,"Gatorade Thirst Quencher, Orange, 8 ct, 20 oz"
25,B000R2Z2YK,"Gatorade Rain Thirst Quencher, Berry, 32 oz"
26,B000R2Z32G,"Gatorade Thirst Quencher, Fruit Punch, 32 oz"
27,B000R2Z330,"Gatorade Thirst Quencher, Orange, 32 oz"
28,B000R30LLI,"Gatorade Thirst Quencher, Fruit Punch, 128 oz"
29,B000R30LNG,"Gatorade Thirst Quencher, Lemon Lime, 32 oz"
30,B000R32OOU,"Gatorade Frost Thirst Quencher, Glacier Freeze, 32 oz"
31,B000R32ORW,"Gatorade Thirst Quencher, Orange, 64 oz"
32,B000R32OS6,"Gatorade Thirst, Quencher, Lemon-Lime, 64 oz"
33,B000R36GS0,"Gatorade Thirst Quencher, Lemon Lime, 8 ct, 20 oz"
34,B000R36GTE,"Gatorade Frost Thirst Quencher, Riptide Rush, 32 oz"
35,B000R36GUS,"Gatorade Thirst Quencher, Cool Blue, 32 oz"
36,B000R36GV2,"Gatorade Fierce Thirst Quencher, Grape, 32 oz"
37,B000R36GW6,"Gatorade Thirst Quencher, Fruit Punch, 64 oz"
38,B000R36GXA,"Propel Zero Nutrient Enhanced Water, Lemon, 6 pk, 16.9 oz"
39,B000R4EMCG,"Dole, 100% Juice  Orange Peach Mango, 59 oz"
40,B000R93LL4,Near East Original Couscous - 10 oz
41,B000R93LM8,"Near East Couscous, Roasted Garlic & Olive Oil, 5.8 Oz"
42,B000R96EVS,"Near East Rice Pilaf, 6.09 Oz"
43,B000R9AK5O,"Pepsi Cola 12-Pack, 12 oz cans (Packaging May Vary)"
44,B000R9AKYU,"Mountain Dew, 12-Pack, 12 oz Cans"
45,B000R9AL08,"Mountain Dew Diet Soda, 12 Ounce (12 Cans)"
46,B000R9AL0I,"Pepsi Diet Caffeine Free Soda, 12 oz (12 Cans)"
47,B000R9AL1M,"Schweppes Club Soda, 6-Pack, 10 oz Bottles"
48,B000R9AL4E,"Pepsi Cola Soda, 2 Liter"
49,B000R9AL4O,"Diet Pepsi, 2 Liter"
50,B000R9AL4Y,"Mountain Dew, 2 Liter"
51,B000R9ALCG,"Starbucks Doubleshot, 4-Pack, 6.5 oz Cans"
52,B000R9ALD0,"Starbucks Doubleshot, Light, 4-Pack, 6.5 oz Cans"
53,B000R9ALDU,"Starbucks Frappuccino, Mocha, Coffee Drink (4 Count, 9.5 Fl Oz Each)"
54,B000R9ALEY,"Starbucks Frappuccino Lite Mocha, 4 pk, 9.5 oz Bottles"
55,B000R9ALP8,"SOBE Life Water Strawberry Kiwi, 20 oz pack of 12"
56,B000R9COPS,"Pepsi Diet Wild Cherry Soda, 12 Ounce (12 Cans)"
57,B000R9COQ2,"Schweppes Tonic Water, 6-Pack, 10 oz Bottles"
58,B000R9COQW,"Schweppes Ginger Ale, 6-Pack, 10 oz Bottles"
59,B000R9COWG,"Mug Rootbeer, 2 Liter"
60,B000R9CPH0,"SOBE Life Water Pomegranate Cherry, 20 oz"
61,B000R9DW5Y,"IZZE Sparkling Juice, Blackberry, 12 oz Glass Bottles, 4 Count"
62,B000R9DW6S,"IZZE Sparkling Juice, Blueberry, 12 oz Glass Bottles, 4 Count"
63,B000R9EEH4,"Aquafina Water, 16.9 oz (Pack of 24)"
64,B000R9EENS,"Lipton Diet Green Tea with Citrus, 12-Pack, 16.9 oz Bottles"
65,B000R9EEOM,"Lipton Diet Tea with Lemon, 12-Pack, 16.9 oz Bottles"
66,B000R9EESS,"SOBE Life Water Blackberry Grape, 20 oz"
67,B000R9F3QA,"IZZE Sparkling Juice, Clementine, 12 oz Glass Bottles, 4 Count"
68,B000R9F3VA,"IZZE Sparkling Juice, Grapefruit, 12 oz Glass Bottles, 4 Count"
69,B000R9GMPQ,"Diet Pepsi Cola, 12 ct, 12 oz Cans (Packaging May Vary)"
70,B000R9GMR4,"Mug Root Beer, 12-Pack, 12 oz Cans"
71,B000R9GN50,"Starbucks Frappuccino Vanilla, 4 pk, 9.5 oz Bottles"
72,B000R9GN5K,"Starbucks Frappuccino Coffee, 1 Pack of 4 , 9.5 oz Bottles"
73,B000R9GND2,"SOBE Orange Carrot, 20 oz"
74,B000RLPJPI,"Cracker Jack Popcorn & Peanuts, Caramel Coated (3 Count, 1 Oz Each)"
75,B000RLR0PK,"Pasta Roni Chicken & Broccoli Flavor, 4.7 oz"
76,B000RLR0T6,"Rice A Roni Savory Whole Grain Blends, Roasted Garlic Italiano, 4 oz"
77,B000RLT46S,"Rice A Roni Chicken Flavor, 6.9 oz"
78,B000RO2EJ4,"Rice A Roni, Chicken, 6.9 Oz"
79,B000ROB9ZY,"Gatorade A.M.Thirst Quencher, Tropical-Mango, 32 oz"
80,B000RPUCQK,"Quaker Oats Old Fashioned Oatmeal, 18 oz Canister"
81,B000RPUD9Q,"Quaker Chewy Granola Bar, Reduced Sugar, Chocolate Chip, 6.7 oz"
82,B000RPUDX2,"Quaker Popped Rice Snacks, Apple Cinnamon, 3.52 Oz"
83,B000RPW04W,"Quaker Chewy Granola Bars 90 Calories Low Fat Chocolate Chunk, 8 ct, .84 oz each"
84,B000RPW05G,Quaker Chewy Variety Pack - 6.7 oz
85,B000RPYYW8,"Quaker, Low Fat Oatmeal Raisin Granola Bars, 8 ct, .84 oz each"
86,B000RPYZ3G,"Quaker Chewy Granola Bars Dipps Peanut Butter, 6 ct, 1.05 oz each"
87,B000RPYZ5E,"Quaker Popped Rice Snacks, Cheddar Cheese, 3.03 Oz"
88,B000RYHGWO,"Gatorade Fierce Thirst Quencher Sports Drink Melon, 32 oz"
89,B000SR5XZ2,"Near East Taboule, 5.25 oz"
90,B000SRI41M,"Near East Couscous, Parmesan, 5.9 Oz"
91,B000SRI42Q,"Near East Spanish Rice Pilaf, 6.75 Oz"
92,B000SRK7JY,Near East Herb Chicken Couscous - 5.7 oz
93,B000SRK7KS,"Near East Long Grain and Wild Rice, 6 Oz"
94,B000SRK7P8,"Near East Couscous, Toasted Pine Nut, 5.6 Oz"
95,B000SRLNYM,"Near East Almond Pilaf, 6.6 oz"
96,B000SRLO1O,"Near East Meditteranean Curry Couscous, 5.7 oz"
97,B000ST14FI,"Quaker Natural Granola Cereal, 28 Oz"
98,B000UENGWK,"Doritos Tortilla Chips, Cool Ranch, 11 oz"
99,B000UENHBU,"Tostitos Salsa Con Queso - Medium, 15 Ounce"
100,B000UENHH4,"Tostitos Scoops! Tortilla Chips, 10 Ounce"
101,B000UEP4D4,"Fritos Corn Chips, Original, 10.25 oz"
102,B000UEP4E8,"Lay's Potato Chips, Original, 10 oz"
103,B000UEP4GQ,"Lay's Kettle Cooked Potato Chips, Original, 8.5 oz"
104,B000UEP4NO,"Santitas Yellow Corn Tortilla Chips, 11 Ounce"
105,B000UEP57O,"Lay's Oven Baked Original Potato Crisps, 6.25 Ounce"
106,B000UER7JI,"Lay's Potato Chips, Wavy Original, 10 oz"
107,B000UER7MU,"Ruffles Original Potato Chips, 9 Ounce"
108,B000UER87O,"Cheetos Oven Baked Crunchy Cheese Flavored Snacks, 7.65 Ounce"
109,B000UESJ2W,"Lay's Potato Chips, BBQ, 9.5 oz"
110,B000UESJ4U,"Lay's Potato Chips, Sour Cream & Onion, 9.5 oz"
111,B000UESJ8Q,"Ruffles Cheddar & Sour Cream Flavored Potato Chips, 8.5 Ounce"
112,B000UESJKO,"Frito-Lay Chips and Snacks Flavor Mix Variety Pack, 20 Count"
113,B000UEUA4C,"Munchies Cheese Fix Flavored Snack Mix, 8 Ounce"
114,B000UEUA5Q,"Rold Gold Pretzels, Thins, orginal 16 oz"
115,B000UEUAD8,"Tostitos Chunky Salsa - Medium, 15.5 Ounce"
116,B000UEUAGU,"Frito-Lay Chips Classic mix Multipack, 20 Count"
117,B000UEUAO2,"Tostitos Oven Baked Scoops! Tortilla Chips, 6.25 Ounce"
118,B000UVUGW6,"IZZE Sparkling Juice, Pomegranate, 12 oz Glass Bottles, 4 Count"
119,B000UW1OLM,"IZZE Sparkling Juice, Apple, 12 oz Glass Bottles, 4 Count"
120,B000V9JKQK,Quaker Apple Cinnamon Rice Cake - Gluten Free - 6.52 oz
121,B000V9JKVK,"Quaker Popped Rice Snacks, Caramel Corn, 3.52 oz"
122,B000V9MZKI,Quaker Chocolate Rice Cake - 7.23 oz
123,B000V9MZUI,Quaker Mini Rice Kettle Corn - 3.52 oz
124,B000V9N002,"Quaker Rice Cakes, Salt Free , 4.5 oz"
125,B000V9QKVS,"Quaker Buttered Popcorn Rice Cakes, 4.47 oz"
126,B000VA2VGA,"Aunt Jemima Pancake Syrup, 24 Fl Oz"
127,B000VA5WPM,"Aunt Jemima Pancake Syrup, Butter Lite, 24 oz"
128,B000VDRJYG,"Gatorade Lemon Lime 6 ct, 12 oz"
129,B000VDT7TQ,"Gatorade Frost Glacier Freeze, 20 oz"
130,B000VDV1JK,"Gatorade Thirst Quencher, Orange, 12 oz, 6 Bottles"
131,B000VDX83W,"Gatorade Lemon Lime Powder, 18.4 oz"
132,B000VDZ286,"Gatorade Wide Mouth Fierce Grape, 8 ct, 20 oz"
133,B000VDZ3IU,"Gatorade Thirst Quencher, Fruit Punch, 12 oz, 6 Bottles"
134,B000VDZ3Q2,"Gatorade Wide Mouth Cool Blue, 8 ct, 20 oz"
135,B000VK2GII,"Stacy's Pita Chip, Simply Naked, 8 Oz"
136,B000VK7UD4,"Stacy's Pita Chip, Parmesean Garlic Herb, 8 Oz"
137,B000VKA28E,Near East Garlic & Herb Pilaf - 6.3 oz
138,B000WCZLLE,"Near East Couscous, Wild Mushroom And Herb, 5.4 oz"
139,B000WCZLO6,Near East Chicken Flavored Rice Pilaf - 6.25 oz
140,B000WCZLQY,Near East Whole Grains Brown Rice Pilaf - 6.25 oz
141,B000WD3MTG,"Stacy's Pita Chip, Cinnamon Sugar, 8 Oz"
142,B000WD5SIO,Near East Wild Mushroom & Herb Pilaf - 6.3 oz
143,B000WDP40Q,"Near East Lentil Pilaf, 6.75 oz"
144,B000WDP43S,"Near East Roasted Chicken And Garlic Pilaf, 6.3 oz"
145,B000WDP47O,"Near East Long Grain & Whole Grain Rice with Chicken, 6.3 oz"
146,B000WGBMO0,"Aunt Jemima Pancake Mix, 2 lb"
147,B000WGE2QK,"Aunt Jemima Pancake Mix, Buttermilk Complete, 2 lb"
148,B000WH2I56,"Rice A Roni Whole Grain Spanish Rice Mix, 4.6 oz"
149,B000WH4P1Q,"Rice A Roni Nature's Way Long Grain & Wild Rice, 4.2 oz"
150,B000WH8H92,"Quaker Breakfast Cookies Oatmeal Chocolate Chip, 6 ct, 10.1 oz"
151,B000WH9DD6,"Rice A Roni Beef, 6.8 oz"
152,B000WHAGH8,"Quaker Instant Oatmeal, Dinosaur Eggs,Brown Sugar 8 ct, 14.1 oz"
153,B000WHAHJ0,Quaker Chewy Peanut Butter Chocolate Chunk Bars - 0.84 oz - 8 ct
154,B000WHAI6W,"Quaker S'Mores Granola Bars, 8 ct, .84 oz each"
155,B000WHAINA,"Quaker Weight Control Instant Oatmeal, Maple and Brown Sugar, 8 Count (Pack of 1)"
156,B000WHC8LK,"Quaker Instant Oatmeal, Fruit & Cream Low Sugar Variety Pack, 10 ct, 1.23 oz"
157,B000WHC9Y6,Quaker Instant Grits - 12 Oz
158,B000WHE7S2,Quaker Chocolate Chip Bars - 0.84 oz - 8 Count
159,B000WHZLMI,Quaker Grits Quick Tube - 24 oz
160,B000WLW9RY,"Naked, Juice Green Machine, 15.2 oz"
161,B000WLW9S8,"Naked, All Natural Juice Smoothie, Mighty Mango, 15.2 oz"
162,B000WLXMF2,"Naked, Juice Blue Machine, 15.2 oz"
163,B000WLXMFC,"Naked, Juice Protein Zone, 15.2 oz"
164,B000WLZHNM,"Naked, Juice Strawberry Banana, 15.2 oz"
165,B000YAQRJY,"Tazo Tea, Giant Peach, 13.8 oz"
166,B000YD5PNU,"Stacy's Pita Chips, Multi-Grain, 8 Oz"
167,B000YG6S2O,"Lipton Lemon Sweetened Iced Tea Mix, 10 quart, 25.1 oz"
168,B0010BZG48,"Naked, Pomegranate Juice, Blueberry 15.2 oz"
169,B0010XTTLM,"Quaker Chewy, Reduced Sugar, Variety Pack, 6.7 oz"
170,B0010XTTMQ,"Quaker Instant Oatmeal, Lower Sugar Variety 10 pkts , 11.5oz"
171,B0010XTTOO,"Quaker Oatmeal To Go, Apples & Cinnamon, 6 Bars, 2.1 Ounce"
172,B00112FGLE,"Near East Garlic Herb Long Grain Rice, 5.9 oz"
173,B00112GT7E,"Near East Tomato And Lentil Couscous, 6.1 oz"
174,B00112H43M,"Near East Roasted Garlic Creative Grains, 5.1 oz"
175,B00113113K,"Near East Roasted Garlic Vermicelli Pasta, 7 oz"
176,B0011CW7SY,"Near East, Whole Grain Blends, Roasted Pecan & Garlic, 5.4 oz"
177,B0011CZNXU,"Near East, Tomato Basil Rice Pilaf, 5.5 oz"
178,B0012V2NUG,"Lipton Brisk, Lemon Iced Tea, 12 pk, 12 oz"
179,B0014CUCU6,"Quaker Oatmeal Squares, Brown Sugar, Breakfast Cereal, 14.5 oz Box"
180,B0014CWB1E,"Quaker Instant Oatmeal Regular, 12 ct, 11.8 oz"
181,B0014CY9TQ,"Quaker Instant Oatmeal Apples & Cinnamon, 10 ct, 1.51 oz"
182,B0014D00EI,"Quaker Instant Oatmeal Maple Brown Sugar, Lower Sugar, 10 ct, 1.19 oz"
183,B0014D00Q6,"Quaker Instant Oatmeal  Flavor Variety Pack (Maple Brown sugar, Cinnamon & spice, Apples & Cinnamon), 10 ct, 1.42 oz"
184,B0014D0142,"Quaker Instant Oatmeal, Fruit and Cream Strawberry N Cream, 10 ct, 1.23 oz"
185,B0014D01C4,"Quaker Instant Oatmeal, Fruit and Cream Variety Pack, 10 ct, 1.23 oz"
186,B0014D1JWA,"Quaker Instant Oatmeal Maple Brown Sugar, 10 ct, 1.51 oz"
187,B0014D1KKQ,"Quaker Instant Oatmeal, Fruit and Cream Peaches N Cream, 10 ct, 1.23 oz"
188,B0014E1D34,"Life Cereal, Cinnamon, 18 Oz"
189,B0014E1GQS,Rice a Roni Chicken & Garlic - 5.9 oz
190,B0014E2S8I,"Rice A Roni Rice & Pasta With Tomato, Mild Green Chiles & Mexican-Style Seasonings, 6.4 oz"
191,B0014E4IWC,"Pasta Roni, Four Cheese Flavor Corkscrew Pasta, 6 oz"
192,B0014E4KA2,"Rice A Roni, Long Grain & Wild Rice Original, 4.3 Oz"
193,B0014E6MQM,"Propel Zero Nutrient Enhanced Water, Grape, 24 oz"
194,B0014E8738,"Rice A Roni Spanish Rice, 6.8 oz"
195,B0015GMY98,"Doritos Nacho Cheese Flavored Tortilla Chips, 12 Singles"
196,B0015GMYFC,"Doritos Tortilla Chips, Spicy Sweet Chili, 11 oz"
197,B0015GQ12O,"Doritos Tortilla Chips, Party Size Nacho Cheese, 16 oz"
198,B0015GQ1GA,"Fritos Hot Bean Dip , 9 Ounce"
199,B0015GQ2EQ,"Lay's Smooth Ranch Dip,15 Ounce"
200,B0015GQBHE,"Ruffles Original  Potato Chips, Party Size! (13.5 Ounce)"
201,B0015GQCH8,"Tostitos Scoops! Tortilla Chips, Party Size! (14.5 Ounce)"
202,B0015GRZZG,"Lay's Oven Baked Barbecue Flavored Potato Crisps, 6.25 Ounce"
203,B0015GS0AU,"Cheetos Crunchy Cheese Flavored Snacks, 12 Singles"
204,B0015GS10O,"Fritos JalapeÃ±o Cheddar Cheese Dip, 9 Ounce"
205,B0015GS1AY,"Lay's Potato Chips, Party Size Classic, 13.75 oz"
206,B0015GS4BU,"Simply Tostitos Blue Corn Tortilla Chips, 9 oz"
207,B0015GSBMM,"Tostitos Chunky Salsa - Mild, 15.5 Ounce"
208,B0015GSBUY,"Tostitos Original Restaurant Style  Tortilla Chips, Party Size! (18 Ounce)"
209,B0015GTFVS,"Cheetos Cheese Snacks, Party Size Cheetos Crunchy, 18.5 oz"
210,B0015GTGOY,"Lay's Potato Chips, Cheddar & Sour Cream, 9.5 oz"
211,B0015GTJCI,"Simply Cheetos Puffs White Cheddar Cheese Flavored Snacks, 8 Ounce"
212,B0015GTJEQ,"Simply Lay's Sea Salted Thick Cut Potato Chips, 8.5 Ounce"
213,B0015GTQJO,"Rold Gold Pretzels, Cheddar Tiny Twists, 10 oz"
214,B0015GTQKI,"Rold Gold Pretzels, original Sticks 16oz"
215,B0015GTQNA,"Ruffles Potato Chips, Smokehouse Style BBQ, 8.5 oz"
216,B0015GTRIE,"Tostitos Multigrain Tortilla Chips, 9 Ounce"
217,B0015GVJCG,"Fritos Original Bean Dip, 9 Ounce"
218,B0015GVJM6,"Fritos Corn Chips, Original, 14 oz"
219,B0015GVJMQ,"Fritos Corn Chips, Party Size Scoops, 19 oz"
220,B0015GVKF2,"Lay's French Onion Dip, 15 Ounce"
221,B0015GVKHA,"Lay's Kettle Cooked Potato Chips, Salt & Vinegar, 8.5 oz"
222,B0015GVKKC,"Lay's Potato Chips, Salt and Vinegar, 9.5 oz"
223,B0015GVNCM,"Nut Harvest Lightly Roasted Almonds, 6 oz"
224,B0015GVNP4,"Simply Ruffles Sea Salted Potato Chips, 8 Ounce"
225,B0015GVNUO,"Simply Tostitos Yellow Corn Tortilla Chips, 9 oz"
226,B0015GVUES,"Rold Gold Pretzels, Braided Honey Wheat, 10 oz"
227,B0015GVUJ8,"Rold Gold Pretzels, Honey Mustard Tiny Twists, 10 oz"
228,B0015GVUMU,"Ruffles Potato Chips, Reduced Fat, 8.5 oz"
229,B0015GVUVG,"Smartfood Popcorn, Party Size White Cheddar, 11.5 oz"
230,B00181DDIG,Pepsi One - 12 CT
231,B001A5RU0W,"Gatorade G2, Orange, 8 Pack, 20 oz each"
232,B001A5V6U2,"Gatorade G2, Grape, 32 oz"
233,B001A5V788,"Gatorade G2, Grape, 8 Pack, 20 oz each"
234,B001A5V7GU,"Gatorade G2, Low Calorie Fruit Punch, 8 Pack, 20 oz"
235,B001A5WU0C,"Gatorade G2, Fruit Punch, 32 oz"
236,B001A5WU2A,"Gatorade G2, Orange, 32 oz"
237,B001BLMKYQ,"Starbucks frappuccino mocha 9.5 fl oz, Pack of 12"
238,B001E6P5SQ,"Diet Pepsi Caffeine Free, 2 Liter"
239,B001E6P612,"Pepsi, 6pk, 24oz Bottles"
240,B001E6PC8O,"Pepsi Wild Cherry Cola, 12pk, 12 oz Cans (Packaging May Vary)"
241,B001E6R4NA,"Wild Cherry Pepsi, 2 Liter"
242,B001E6R5G6,"Diet Mountain Dew, 2 Liter"
243,B001E6R5R0,"Mountain Dew, 6pk, 24oz Bottles"
244,B001E6R97Q,"Mountain Dew Code Red, 2 Liter"
245,B001E6RAPC,"Lipton Brisk, Lemon Iced Tea, 2 Liter"
246,B001E6T4EC,"Diet Pepsi Wild Cherry, 2 Liter"
247,B001E6TBIQ,"Diet Mug Root Beer, 12 ct, 12 oz Cans"
248,B001E6USEW,"Pepsi Caffeine Free, 12pk, 12 oz Cans"
249,B001E6UTHS,"Diet Pepsi, 6 ct, 24oz Bottles"
250,B001E6UUKE,"Pepsi Zero Sugar Cola, 12 ct, 12 oz Cans (Packaging May Vary)"
251,B001E6UXWO,"Diet Sierra Mist Free, 2 Liter"
252,B001E6UZL8,"Moutain Dew Code Red, 12pk, 12 oz Cans"
253,B001E6V18O,"Diet Sierra Mist Free, 12 Ounce Cans (Pack of 12)"
254,B001E70S5K,"Schweppes Ginger Ale, 2 Liter"
255,B001EJNE3Q,"Quaker Instant Oatmeal, Raisin, Dates & Walnuts, 10 ct, 1.3 oz"
256,B001TAI2XC,"Muscle Milk, Chocolate Protein Nutrition Shake, 14 oz"
257,B001TAI2YG,"Muscle Milk, Vanilla Cream Protein Nutrition Shake, 14 oz"
258,B001TAI2ZK,"Muscle Milk, Strawberry Cream Protein Nutrition Shake, 14 oz"
259,B001TAI30E,"Muscle Milk, Light Chocolate Protein Nutrition Shake, 14 oz"
260,B001TAI32M,"Sobe Life Water, Fiji Apple Pear Zero calorie, 20 oz"
261,B001TAI33G,"Sobe Life Water, Black and Blueberry Zero Calorie, 20 oz"
262,B001TAI34A,"Sobe Life Water,  Yumberry Pomegranate Zero Calorie, 20 oz"
263,B001V6FTGM,"FREE SAMPLE: O.N.E. Coconut Water, 16.9 oz"
264,B001V8LLNA,"Lipton, Diet Iced Green Tea Citrus Jug, 1 Gallon"
265,B001V8RRO2,"Lipton, Iced Tea with Lemon Jug, Gallon"
266,B0028AWUDA,"Pepsi Made With Real Sugar, 12 ct, 12 oz Cans"
267,B002GPFKOS,"IZZE Sparkling Juice, Peach, 12 oz Glass Bottles, 4 Count"
268,B002M057RW,"Lay's Kettle Cooked Potato Chips, Mesquite BBQ, 8.5 oz"
269,B002RZ1SC0,"Cheetos Cheese Snacks, Crunchy Regular, 12.50oz."
270,B002RZ1SH0,"Doritos Tortilla Chips, Salsa Verde, 11 oz"
271,B002RZ1SIY,"Doritos, Spicy Nacho, 12 Oz"
272,B002RZ1SOS,"Tostitos Bite Size Rounds Tortilla Chips, 13 Ounce"
273,B002RZ1SRU,"Tostitos Hint of Lime Flavored Tortilla Chips, 13 Ounce"
274,B002RZ1SU2,"Tostitos Original Restaurant Style Tortilla Chips, 13 Ounce (Packaging May Vary)"
275,B002RZ22OI,"Fritos Corn Chips, Honey BBQ Twists, 10.25 oz"
276,B002RZ3T68,"Doritos Tortilla Chips, Nacho Cheese, 11 oz"
277,B002RZ3TBS,"Fritos Corn Chips, Scoops, 10.25 oz."
278,B0037YQ2ZS,Quaker Instant Oatmeal Weight Control Variety Pack - 12.6 oz
279,B003KFKZAW,"Sobe Elixir, Green Tea with Ginsing and Echinacea, 20oz Bottle"
280,B003KFL0D8,"Mountain Dew, 8ct, 12oz Bottle"
281,B003KFOMBA,"Sobe Lifewater B-Energy Strawberry Apricot, Zero Calorie, 20oz"
282,B003KFON1Y,"Sobe Power Fruit Punch, 20oz Bottle"
283,B003KFONVO,"Diet Pepsi, 8ct, 12oz Bottle"
284,B003KFQO52,"Sobe Life Water, Strawberry Dragon Fruit Zero Calorie, 20oz"
285,B003KFQODE,"Starbucks Frappuccino Vanilla Light, 4ct, 9.5oz"
286,B003KFQQOG,"Pepsi, 8ct, 12oz Bottle"
287,B003QAF7X6,"Naked Juice Orange Juice, 15.2 oz"
288,B003QAF8LM,"Naked Juice, Orange Mango, 15.2 oz"
289,B003QAFAH4,"Naked Juice, Berry Vegge Machine, 15.2 oz"
290,B003QAFB8M,"Naked Juice, Mango Protein Zone, 15.2 oz"
291,B003QAFDTY,"Naked Juice, Berry Blast, 64 oz"
292,B003QAFENO,"Naked Juice Orange Juice, 64 oz"
293,B003QAFF42,"Tropicana Pure Premium Orange Juice with Calcium + D, 59oz"
294,B003QAHBNK,"Naked Juice, Berry Blast, 15.2 oz"
295,B003QAHC7U,"Naked Juice, Orange Carrot, 15.2 oz"
296,B003QAHCSE,"Naked Juice Pomegranate Acai,  15.2 oz"
297,B003QAHD1K,"Naked Juice, Power-C Machine,  15.2 oz"
298,B003QAHDFG,"Naked Juice, Red Machine, 15.2 oz"
299,B003QAHDPG,"Naked Juice Acai Machine, 15.2 oz"
300,B003QAHED2,"Naked Juice Double Berry Protein Zone, 15.2 oz"
301,B003QAHEYQ,"Naked Pineapple Mango in Coconut Water, 15.2 oz."
302,B003QAHFBS,"Naked Juice Peach Guava with Coconut Water, 15.2 oz"
303,B003QAHG4O,"Naked Juice, Green Machine, 32 oz"
304,B003QAHGOE,"Naked Juice Protein Zone, 32 oz"
305,B003QAHH5W,"Naked Juice, Blue Machine, 64 oz"
306,B003QAHJ8M,"Tropicana, Orange Juice, No Pulp, 12 oz"
307,B003QAHJHS,"Tropicana, Orange Juice with Calcium + Vitamin D, No Pulp, 12 oz"
308,B003QAJ61U,"Naked Juice, Mighty Mango, 32 oz"
309,B003QAJ77S,"Naked Juice, Green Machine, 64 oz"
310,B003QAMOSW,"Naked Juice, Mighty Mango, 64 oz"
311,B003QB16L2,"Pepsi Soda, 12 Ounce (24 Cans)"
312,B003QB17X4,"Pepsi Diet Soda, 12 Ounce (24 Cans)"
313,B003QB193W,"Caffeine Free Diet Pepsi, 24ct, 12 oz Cans"
314,B003QB1A72,"Mountain Dew Soda, 12 Ounce (24 Cans)"
315,B003T2OLGU,"Tropicana Juice, Tangerine-Orange, 59 oz"
316,B003T2VM1M,"Tropicana Pure Premium Orange Juice, Lots of Pulp, Calcium + Vitamin D, 59 oz"
317,B003UDCE1C,"Tropicana, Ruby Red Grapefruit Juice, 59 oz"
318,B003UDEJ3I,"Tropicana, Orange Juice, Grovestand Lots of Pulp, 59 oz"
319,B003V0OKX4,"Mountain Dew Throwback, 12ct, 12oz Cans"
320,B0040HJHJO,"Starbucks Frappuccino, Vanilla, 13.7 oz"
321,B0040Q10Q8,"Aquafina Purified Drinking Water, 96 Fl Oz"
322,B0041H79PW,"Sierra Mist Natural, 12pk, 12oz Cans"
323,B0041HC5Q0,"Sierra Mist Natural, 2 Liter"
324,B0041LYIBQ,"Quaker Instant Oatmeal, Cinnamon and Spice, 10 ct"
325,B0041M086Y,"Tropicana, Orange Juice, Homestyle, Some Pulp, 89 oz"
326,B0041M3PSM,"Tropicana, Orange Juice with Calcium + Vitamin D, No Pulp, 89 oz"
327,B0041M5UNK,"Tropicana, Orange Juice, No Pulp, 89 oz"
328,B0041M5V4S,"Tropicana, Orange Juice, Grovestand Lots of Pulp, 89 oz"
329,B0044MYSUI,"Starbucks Doubleshot Energy, Coffee, 15 oz"
330,B004C1L59S,"Quaker Real Medleys Multigrain Fruit and Nut Bar, Apple Nut Harvest, 6.7 Ounce"
331,B004C6W8BC,"Tropicana, Trop50 Pomegranate Blueberry, 59 oz"
332,B004VM9BRQ,"Stacy's Everything Flavored Bagel Chips, 7 Ounce Bag"
333,B004Z0W7ES,"Tropicana, Trop50 Orange Juice, Calcium and Vitamin D, 59 oz"
334,B005H12NJS,"Quaker Cinnamon Life Cereal, 13 oz"
335,B0078DT828,"Naked Juice Coconut Water, Mango Peach, 11.2 oz"
336,B007FGWS34,"Frito Lay Flavor Variety Pack, 32 oz"
337,B007ND8TN2,"Pepsi Next, 12pk, 12 oz"
338,B007ND8U3G,"Pepsi Next, 2 ltr"
339,B007UA9JLO,"Naked Juice, Strawberry Banana, 64 oz"
340,B008B36XRM,"Lay's Potato Chips, Dill Pickle, 9.5 oz"
341,B008B36ZYS,"Lay's Potato Chips, Lightly Salted, 9.5 oz"
342,B008B372YA,"Lay's Kettle Cooked Potato Chips, Jalapeno, 8.5 oz"
343,B008B3731M,"Lay's Kettle Cooked Potato Chips, Maui Onion, 8.5 oz"
344,B008B375YM,"Lay's Kettle Cooked Potato Chips, Applewood Smoked BBQ, 8 oz"
345,B008B378OE,"Lay's Kettle Cooked Potato Chips, Sea Salt & Cracked Pepper, 8.5 oz"
346,B008B37AW4,"Tostitos Artisan, Toasted Southwestern Spices, 9.75 oz"
347,B008B37D26,"Tostitos Artisan, Roasted Garlic and Black Bean, 9.75 oz"
348,B008B37EZW,"Tostitos Artisan, Baked Three Cheese Queso, 9.75 oz"
349,B008Z840UU,"Lays Kettle Reduced Fat Original, 8.5 oz"
350,B008ZX8STY,"Funyuns Onion Flavored Rings, 6 Ounce"
351,B0096DD6BC,"Stacy's Simply Naked Party Size Pita Chips, 18 Ounce"
352,B00A96KEGK,"Naked Juice, Probiotic Machine Tropical Mango, 15.2 oz"
353,B00BIWS6GE,"Gatorade Thirst Quencher, Lemon Lime, 64 oz"
354,B00BIWS6J6,"Gatorade Thirst Quencher, Fruit Punch, 64 oz"
355,B00BIWS9LQ,"Gatorade Energy Drink, Orange, 64 oz"
356,B00BIWSAAG,"Gatorade Thirst Quencher, Frost Glacier Freeze, 64 oz"
357,B00BIWSCVI,"Pepsi Slim, 8ct, 7.5oz Cans"
358,B00BIWSCW2,"Diet Pepsi Slim, 8 ct, 7.5oz Cans"
359,B00BIWSFSS,"Sierra Mist Lemon Lime Slim, 8ct 7.5oz Cans"
360,B00BIWSFZ6,"Pepsi Diet Mountain Dew, 144 oz"
361,B00BIWSG28,"Pepsi Zero Sugar, 8 ct, 7.5oz Cans"
362,B00BIWSG46,"Mountain Dew Slim, 8 ct, 7.5oz Cans"
363,B00BIWSIGC,"Pepsi Zero Sugar, 6 ct, 12 oz Bottles"
364,B00BIWSIIU,"Pepsi Sierra Mist Lemon Lime, 144 oz"
365,B00BIWSIJE,"Aquafina Water, 6 Pack, 24 oz"
366,B00BW0D0ZY,"Naked Juice, Protein Zone Banana Chocolate, 15.2 oz"
367,B00CJ8IV8O,"Aunt Jemima Complete Pancake Mix, 32 oz"
368,B00CJT36D8,"Tropicana, Trop50 Orange Juice, No Pulp, 59 oz"
369,B00CJT36GU,"Tropicana, Orange Juice, Homestyle, Some Pulp, 59 oz"
370,B00CJT36JW,"Tropicana, Orange Juice, No Pulp, 59 oz"
371,B00CJT38BI,"Tropicana, Orange Juice with Calcium + Vitamin D, No Pulp, 59 oz"
372,B00CLN84VQ,"Naked Juice, Power Garden Tomato Kick, 15.2 oz"
373,B00CNVJKCI,"Tazo Iced Black Tea, 13.8 Fl Oz"
374,B00CNZTI4Y,"Doritos Dinamita, Nacho Picoso, 9.25 oz"
375,B00CNZTI6C,"Doritos Dinamita Chile LimÃ³n Rolled Flavored Tortilla Chips, 9.25 Ounce"
376,B00CNZTMVS,"Lay's Potato Chips, Wavy Original, 13.75 oz"
377,B00CNZTOSY,"Lay's Potato Chips, Limon, 9.5 oz"
378,B00CNZTVDW,"Ruffles Sour Cream & Onion Flavored Potato Chips, 8.5 Ounce"
379,B00CNZTWYA,"Lay's Potato Chips, Wavy Ranch, 9.5 oz"
380,B00CO20XRM,"Quaker Instant Oatmeal Weight Control, Flavor Variety Pack, 12.6 oz"
381,B00CO210SI,"Quaker Oatmeal Cereal, Organic Regular, 7.9 Oz"
382,B00CP774P0,"Crush Orange Soda, 12 fl oz, 12 count"
383,B00CP776VW,"Pepsi Mexican, 12 oz"
384,B00CP7772A,"Pepsi Mexican (Full Case), 288 oz"
385,B00CP77LDK,"Pure Leaf, Unsweet Tea, 18.5 oz (1 Pack of 6 bottles)"
386,B00CP77LHG,"Pure Leaf, Sweet Tea with Lemon, 18.5 oz (Pack of 6)"
387,B00CP77LYO,"Pure Leaf Iced Tea, Sweet Tea, Black Tea, 18.5 oz (Pack of 6)"
388,B00CP77OF0,"Pure Leaf Iced Tea, Sweet Tea, Black Tea, 18.5 oz"
389,B00CP77OIW,"Pure Leaf Iced Tea, Not Too Sweet Green Tea with Honey, 18.5 oz"
390,B00CP77OK0,"Pure Leaf Iced Tea, Sweetened Lemon Flavor Black Tea, 18.5 oz"
391,B00CP77OM8,"Lipton Not Too Sweet Peach Tea, 18.5 oz"
392,B00CP77OMS,"Pure Leaf Iced Tea, Raspberry Black Tea, 18.5 oz (Pack of 6)"
393,B00CP77QX0,"Pure Leaf Iced Tea, Unsweetened Black Tea, 18.5 oz"
394,B00DS4Q1IK,"Starbucks Doubleshot, Espresso + Cream, 6.5 Ounce, 12 Pack"
395,B00DVXZ9OA,"Tropicana Farmstand, Peach Mango, 46 oz"
396,B00ECN1WPI,"Lays Air Pops, Barbecue, 3 oz"
397,B00EIKGRQO,"Real Medleys Oatmeal, Blueberry Hazelnut, 2.46 Oz"
398,B00EMALYMW,"Quaker Instant Oatmeal Apple Cinnamon, Lower Sugar, 10 Count Box"
399,B00F6J6D1K,"Starbucks, Caffe Mocha, Iced Espresso, 1.5qt, 48oz"
400,B00F6JLPT0,"Starbucks, Vanilla Latte, Iced Espresso, 1.5qt, 48oz"
401,B00F6K1QAW,"Starbucks Discoveries, Caramel Macchiato, 48 fl oz."
402,B00FFJ3SPA,"Lays Potato Chips Garden Tomato and Basil, 9.5 oz"
403,B00FFJ3VIE,"Ruffles Oven Baked Cheddar & Sour Cream Flavored Potato Crisps, 6.25 Ounce"
404,B00FFJ4U5C,"Smartfood Kettle, 10.5 oz"
405,B00FLZ3IVC,"O.N.E. Coconut Water Splash, Pink Guava, 16.9 oz"
406,B00FTBC0X0,"O.N.E. Coconut Water Splash, Pineapple, 16.9 oz"
407,B00FTBJHVS,"O.N.E. Coconut Water Splash, Mango, 16.9 oz"
408,B00GAP19I6,"Quaker Life Cereal, 13 oz"
409,B00GAP1BB6,"Quaker Maple Brown Sugar Cereal, 13 oz"
410,B00GIHY244,"Quaker Oatmeal Quaker Steel Cut Oats, 24 oz"
411,B00GLL9YWC,"SunChips Original Multigrain Snacks, 7 Ounce"
412,B00GLL9Z76,"SunChips Garden Salsa Flavored Multigrain Snacks, 7 Ounce"
413,B00GLL9Z7Q,"SunChips Harvest Cheddar Flavored Multigrain Snacks, 7 Ounce"
414,B00GLLA2JQ,"SunChips French Onion Flavored Multigrain Snacks, 7 Ounce"
415,B00GQ1N3HO,"Starbucks Iced Coffee, Caramel, 11 oz"
416,B00GV46API,"Quaker Captain Crunch Cereal, 14 oz"
417,B00GV46AZI,"Captain Crunch, Peanut Butter Crunch Breakfast Cereal, 12.5 oz"
418,B00GV46H2O,"Quaker Captain Crunch Cereal, Crunchberries, 13 oz"
419,B00GYTMRVG,"Naked Juice Coconut Water, Pure, 1 ltr"
420,B00H1X2OS0,"Frito Lay Classic Variety Pack, 1 Ounce Bag, 32 Count"
421,B00HKGJOH2,"Naked Juice, Berry Blast, 32 oz"
422,B00HKGJOK4,"Naked Juice, Protein n Greens, 15.2 oz"
423,B00HKGJONQ,"Naked Juice, Kale Blazer, 15.2 oz"
424,B00HKGJQGQ,"Naked Juice, Strawberry Banana, 32 oz"
425,B00HKGQTU2,"Tropicana Twister, Apple Harvest Punch, 59 oz"
426,B00HRN4C3Y,"Pure Leaf Iced Tea, Unsweetened Black Tea, 59 oz"
427,B00HRN4CJI,"Pure Leaf Iced Tea, Sweet Tea, Black Tea, 59 oz"
428,B00HVL66YA,"Smartfood Delights Sea Salt, 5.5 oz"
429,B00HVL6R9E,"Starbucks Frappuccino, Caramel, 13.7 oz"
430,B00HVL6RQW,"Starbucks Frappuccino, Coffee, 13.7 oz"
431,B00HVLE7EG,"Lay's Kettle Cooked 40% Less Fat JalapeÃ±o Cheddar Flavored Potato Chips, 8 Ounce"
432,B00HVLE7L4,"Lays Kettle Reduced Fat Salt N Vinegar, 8.5 oz"
433,B00HZYBM9W,"Diet Pepsi Bottles (Aspartame Free) â€“ 8 Count, 12 Fl Oz Each"
434,B00HZYC69W,"Pure Leaf Iced Tea, Lemon, Sweetened, Real Brewed Tea, 18.5 Ounce Bottles (Pack of 6)"
435,B00HZYCFAW,"Mountain Dew Mini-Can (8 Count, 7.5 Fl Oz Each)"
436,B00HZYCIAY,"Pepsi Bottle (8 Count, 12 Fl Oz Each)"
437,B00HZYD35S,Starbucks Double Shot Espresso Light 6.5 Fl Oz (4 Count)
438,B00IAUSO4Q,"Quaker Instant Oatmeal Express Cup, Apples & Cinnamon, Breakfast Cereal"
439,B00ID0DQZU,"Fritos JalapeÃ±o Cheddar Cheese Dip, 9 Ounce"
440,B00IJIMYCW,"Real Medleys Cereal, Peach Apple, 15.5 Oz"
441,B00IOW3UHQ,"Tostitos Artisan Tortilla Chips, Baked Three Cheese Queso, 6 oz"
442,B00IOW3UV2,"Tostitos Artisan Tortilla Chips, Roasted Garlic and Black Bean, 6 oz"
443,B00J0B7EL8,"Quaker Instant Oatmeal, Raisin, Date & Walnut, Breakfast Cereal, 10 Packets"
444,B00J0KP4U2,"Cheetos Jalapeno Cheddar, 9 oz"
445,B00J0KPFJC,"Fritos Honey BBQ Twists, 9.75 Ounce"
446,B00J0KPPDI,"Cheetos Flamin Hot, 9 ounce"
447,B00J0KQOCE,"Fritos Chips, Chili Cheese, 9.75 oz"
448,B00J0KSBFC,"Fritos Scoops, 9.75 Ounce"
449,B00J0KTZ0W,"Cheetos Crunchy, 9 Oz"
450,B00J0KU9FC,"Cheetos Xtra Flamin Hot, 9 oz"
451,B00J0KV09G,"Fritos Snack, Original, 9.75 Oz"
452,B00J0KXLZC,"Cheetos Jumbo Puffs, 8.5 ounce"
453,B00JBYDTAE,"Doritos Nacho Cheese and Cool Ranch, Mini, 6.8 oz"
454,B00JLCJ7WU,"Lays Kettle Cooked Lattice Cut Chips, Roasted Garlic and Sea Salt, 7 oz"
455,B00JLCJ89M,"Lay's Kettle Cooked Lattice Cut Aged Cheddar & Black Pepper Flavored Potato Chips, 7 Ounce"
456,B00JUOM41U,"Lays Air Pops, Original, 3 oz"
457,B00JVGXBAU,"Grandma's Frosted Cookies, Red Velvet, 10.8 oz"
458,B00JVGXBCS,"Grandma's Frosted Cookies, Blueberry and White Chocolate, 10.8 oz"
459,B00K3118RA,"Tropicana, Trop50 Some Pulp Juice, Orange, 59 oz"
460,B00K3118VG,"Tropicana Farmstand, Pomegranate Blueberry, 46 oz"
461,B00K31191A,"Trop50, Raspberry Lemonade, 59 oz"
462,B00K311D4I,"Tropicana, Orange Juice, Some Pulp, 12 oz"
463,B00K311DD4,"Trop50, Orange Juice with Calcium + Vitamin D, No Pulp, 12 oz"
464,B00K311DFM,"Tropicana, Cranberry Juice Cocktail, 12 oz"
465,B00K311E1A,"Tropicana, Apple Juice, 12 oz"
466,B00K311IXO,"Tropicana Farmstand, Strawberry Banana, 12 oz"
467,B00K311J56,"Tropicana Farmstand, Pomegranate Blueberry, 12 oz"
468,B00KCDUHVM,"Rold Gold Thins, Parmesan & Garlic, 5 oz (Pack of 5)"
469,B00KGU7MZU,"Smartfood Delights White Cheddar, 6.5 oz"
470,B00LA63U2I,"Starbucks Doubleshot Energy, Mocha, 15 oz"
471,B00LFULCWY,"Pepsi Vanilla Made with Real Sugar Cans Pack, 12pk 12oz"
472,B00LK1HNZI,"Quaker Instant Oatmeal, Protein Banana Nut, 2.15 Oz"
473,B00LPELN74,"Stacy's Honey Dijon Flavored Pretzel Thins, 7 Ounce"
474,B00LPELOFU,"Stacy's Simply Naked Pretzel Thins, 7 Ounce"
475,B00M9X9DKE,"Munchies Snack Crackers Cheddar Cheese, 12.2 oz"
476,B00MIOATHK,"Starbucks Iced Coffee with Milk, 12 ct"
477,B00MIOATI4,"Starbucks Low Calorie Iced Coffee, 4 ct"
478,B00MIOATWU,"Starbucks Iced Coffee with Milk, 4 ct"
479,B00MIOB0LY,"Starbucks Refresher, Blueberry Acai, 12 oz"
480,B00MIOB7L2,"Pure Leaf Iced Tea, Diet Lemon, Black Tea, 18.5 oz"
481,B00MIWSNSY,"Starbucks Refresher, Strawberry Lemonade, 4 ct"
482,B00MTTFU00,"O.N.E. Coconut Water Splash, Vanilla Chai, 16.9 oz"
483,B00MZBRO2O,"Brisk Iced Tea, Mango, 24 oz"
484,B00MZBRO5Q,"Brisk Iced Tea and Lemonade, 24 oz"
485,B00MZBROL0,"Brisk Ice Tea, Raspberry , 24 oz"
486,B00MZHID0K,"Stacy's Multigrain Party Size Pita Chips, 18 Ounce"
487,B00N0X2IYK,"Lay's Potato Chip, Salt and Vinegar, 9.5 Ounce"
488,B00N953FFA,"Gatorade Thirst Quencher, Lemon Lime, 64 Ounce"
489,B00NCQPK7M,"Starbucks Unsweetened Iced Coffee, 48 oz"
490,B00NCTFH5Y,"Starbucks Lightly Sweetened Iced Coffee, 48 oz"
491,B00NGJDVVM,"Lay's Stax Chips, Limon, 5.5 oz"
492,B00NGJDVWG,"Lay's Stax Chile Limon Flavored Potato Crisps,5.5 Ounce"
493,B00NGJDX42,"Lay's Stax Buffalo Wings & Ranch Flavored Potato Crisps, 5.5 Ounce"
494,B00NGJDX6A,"Lay's Stax Bacon & Cheddar Flavored Potato Crisps, 5.5 Ounce"
495,B00NGJE0DU,"Lay's Stax Sour Cream & Onion Flavored Potato Crisps, 5.05 Ounce"
496,B00NGJE0S0,"Lay's Stax Mesquite Flavored Potato Crisps, 2 Ounce"
497,B00NGJE18E,"Lay's Stax Sour Cream & Onion Flavored Potato Crisps, 2 Ounce"
498,B00NGJE1DE,"Lay's Stax Original Potato Crisps, 2 Ounce"
499,B00NGJM2J4,"Lay's Stax All American Cheese Burger Flavored Potato Crisps, 5.5 Ounce"
500,B00NGJM2ZS,"Lay's Stax Pizza Flavored Potato Crisps, 5.5 Ounce"
501,B00NGJM35C,"Lay's Stax Chips, Hot 'n Spicy Barbecue, 5.5 oz"
502,B00NGJM3D4,"Lay's Stax Salt & Vinegar Flavored Potato Crisps, 5.5 Ounce"
503,B00NGJM4HY,"Lay's Stax Cheddar Flavored Potato Crisps, 5.5 Ounce"
504,B00NGJM7LM,"Lay's Stax Mesquite Barbecue Flavored Potato Crisps, 5.5 Ounce"
505,B00NQQOII0,"Starbucks Iced Coffee, Vanilla, 11 oz"
506,B00NQVNZ3E,"Starbucks Iced Coffee with Milk, 11 oz"
507,B00NQVNZCU,"Starbucks Low Calorie Iced Coffee, 11 oz"
508,B00OOWQGLW,"Grandma's Frosted Cookies, Red Velvet, 10.8 Ounce"
509,B00OPY1TJ8,"Real Medleys Quaker Summer Berry Oatmeal, 2.46 Ounce"
510,B00OPY1TW0,"Real Medleys Quaker Peach Almond Oatmeal, 2.64 oz"
511,B00OPY1TXE,"Quaker Real Medleys Oatmeal+, Apple Walnut, Instant Oatmeal+ Breakfast Cereal, 2.64oz Cup"
512,B00PTX8VRC,"Lays Wavy Chocolate, 5 oz"
513,B00R1J3WBM,"Lay's Kettle Cooked Potato Chips, Sea Salt and Vingar, 8.5 Ounce"
514,B00R1J40O0,"Lay's Kettle Cooked Potato Chips, Sea Salt and Cracked Pepper, 8.5 Ounce"
515,B00RFYD696,"Starbucks Double Shot Energy Drink, Vanilla"
516,B00RFYDFAG,"Sunchips Harvest Mini Bites, Four Cheese, Tomato & Herb Flavored Multigrain Snacks, 5 Ounce"
517,B00RFYEXES,"Grandma's Minis, Vanilla Cremes, 10 packs, 1.22 oz each"
518,B00RFYFCPM,"Grandma's Minis, Chocolate Chip, 10 packs, 1.22 oz each"
519,B00RFYFV80,"Grandma's Minis, Chocolate Cremes, 10 packs, 1.22 oz each"
520,B00TP3YN1K,"Lay's Kettle Cooked Maui Onion Flavored Potato Chips, 8 Ounce"
521,B00TP3YNH4,"Lay's Classic Potato Chips, 15.75 Ounce"
522,B00TP3YNQK,"Lays Potato Chips, Party Size Wavy Original, 15.75 Oz, 15.75 Oz"
523,B00TQFIKIY,"Lay's Kettle Cooked Sea Salt & Vinegar Flavored Potato Chips, 8 Ounce"
524,B00TQFIKSY,"Lay's Kettle Cooked Sea Salt & Cracked Pepper Flavored Potato Chips, 8 Ounce"
525,B00TQFITSK,"Lay's Potato Chips, Classic, 10.5 Oz, 10.5 Oz"
526,B00TQFITVW,"Lay's Potato Chips, Barbecue, 10 Oz"
527,B00TS9LWK6,"Lay's Salt & Vinegar Flavored Potato Chips, 7.75 Ounce"
528,B00TY3R4V2,"Lay's Cheddar & Sour Cream Flavored Potato Chips, 7.75 Ounce"
529,B00TZFTD4U,"Grandma's Frosted Cookies, Blueberry and White Chocolate, 10.8 oz"
530,B00TZFTIAE,"Grandma's Frosted Cinnamon Roll, 10.8 oz"
531,B00TZFTIE0,"Grandma's Frosted Lemon Pie, 10.8 oz"
532,B00TZFTIFO,"Grandma's Minis Vanilla Cremes, 10 Packs, 12.2 oz"
533,B00TZFTIMM,"Rold Gold Pretzel Cracker Sandwich, Fudge, 4.29 oz"
534,B00TZFTIMW,"Quaker Crispy Cookie, Chocolate Chip, 10.7 oz"
535,B00TZFTLK6,"Grandma's Big Cookie, Variety Pack, 12.5 oz"
536,B00TZFTLW4,"Quaker Crispy Cookie, Peanut Butter, 10.7 oz"
537,B00TZFTLY2,"Rold Gold Pretzel Cracker Sandwich, Cheddar, 3.98 oz"
538,B00TZFTLYC,"Grandma's Big Cookie, Peanut Butter, 12.5 oz"
539,B00TZFTM8C,"Quaker Oat and Yogurt Sandwich, Strawberry, 8 oz"
540,B00TZFTMHI,"Quaker Oat and Yogurt Sandwich, Vanilla, 8 oz"
541,B00UBLIX20,"Grandma's Minis Chocolate Chip, 12.2 oz"
542,B00UBLJ3J2,"Grandma's Minis Variety Pack, 12.2 oz"
543,B00UW196UC,"Lay's Wavy Ranch Flavored Potato Chips, 7.75 Ounce"
544,B00UW19D5A,"Lay's LimÃ³n Flavored Potato Chips, 7.75 Ounce"
545,B00XCLEPOG,"Pepsi Made with Real Sugar, Wild Cherry Bottles (8 Count, 12 Fl Oz Each)"
546,B00XCLESNE,"Pepsi Made with Real Sugar, Mini-Cans (8 Count, 7.5 Fl Oz Each)"
547,B00XCLF5MC,"Pepsi Made with Real Sugar, Vanilla Mini-Cans (8 Count, 7.5 Fl Oz Each)"
548,B00YDZ9FT0,"Quaker Real Medleys Granola and Yogurt Blend, Raspberry and Pecan, 2.29 oz"
549,B00YDZ9G94,"Quaker Real Medleys Granola and Yogurt Blend, Apple and Cinnamon, 2.29 oz"
550,B00YOZRA3M,"Pepsi Made with Real Sugar, Vanilla Cans (12 Count, 12 Fl Oz Each)"
551,B00YOZS0GS,"Pepsi Made with Real Sugar, Wild Cherry Cans (12 Count, 12 Fl Oz Each)"
552,B00YOZSCEI,"Pepsi Made with Real Sugar, Wild Cherry Mini-Cans (8 Count, 7.5 Fl Oz Each)"
553,B00YU9A91C,"Quaker Real Medleys Granola and Yogurt Blend, Strawberry and Almond, 2.29 oz"
554,B012M6PVYY,"Calebâ€™s Kola, 12 pk, 10 oz glass bottles"
555,B00099XP5O,"Rice a Roni Fried Rice, 6.2-Ounce Boxes (Pack of 24)"
556,B000GZSBUU,"Near East Tabouleh Wheat Salad Mix,5.25 Ounce (Pack of 12 Boxes)"
557,B000GZY8VG,"Near East Rice Pilaf Mix, Spanish Rice (Pack of 12 Boxes)"
558,B000HIFALO,"Rice-A-Roni Chicken, Lower Sodium, 6.9-Ounce Boxes (Pack of 24)"
559,B000HIFANW,"Rice a Roni, Rice Pilaf, Pasta and Rice Mix (Pack of 12 Boxes)"
560,B000HIHE2W,"Rice-A-Roni Beef , 6.8-Ounce Boxes (Pack of 24)"
561,B000HIHE40,"Rice a Roni Chicken And Broccoli, 4.9-Ounce Boxes (Pack of 12)"
562,B000K8PM82,"Stacy's Pita Chips, Tuscan Herb, 6-Ounce Bags (Pack of 12)"
563,B000K8R2YO,"Stacy's Pita Chips, Parmesan Garlic Herb, 6-Ounce Bags (Pack of 12)"
564,B000K8R30W,"Stacy's Pita Chips, Simply Naked, 8-Ounce Bag (Pack of 12)"
565,B000K8R320,"Stacy's Pita Chips, Multigrain, 6-Ounce Bag (Pack of 12)"
566,B000K8T3OQ,"Stacy's Simply Naked Pita Chips, 18 Ounce (Pack of 6)"
567,B000K8V1PA,"Stacy's Pita Chips, Cinnamon Sugar, 6-Ounce Bag (Pack of 12)"
568,B000KGW27S,"Stacy's Parmesan Garlic & Herb Flavored Pita Chips, 1.5 Ounce Bags (Pack of 24)"
569,B000KGW28M,"Stacy's Cinnamon Sugar Flavored Pita Chips, 1.5 Ounce (Pack of 24)"
570,B000KGW2BY,"Stacy's Simply Naked Pita Chips, 1.5 Ounce Bags (Pack of 24)"
571,B000KGY5SM,"Stacy's Pita Chips, Texarkana Hot Pita,1.5-Ounce Bag (Pack of 24)"
572,B000KH0FGM,"Stacy's Pita Chips, Tuscan Herb, 1.5-Ounce Bags (Pack of 24)"
573,B000MIDVAG,"Fritos Original Corn Chips, 2 Ounce (Pack of 64)"
574,B000PIX3AG,"Quaker Chewy Granola Bar, Chocolate Chip, Snack Bars, 8 Bars Per Box (Pack of 12 Boxes)(Packaging may vary)"
575,B000PL69A4,"Rice-A-Roni Cheddar Broccoli, 6.5-Ounce Boxes (Pack of 12)"
576,B000VJRW2Y,"Cheetos  Baked Cheese Snacks Puffs, 1-Ounce Packages (Pack of 104)"
577,B000VJWSV4,Gatorade Instant Powder - 2 1/2 gal grape riptiderush
578,B000VJWT22,"Gatorade Lemon-lime Powder, 2.12-Ounce Single Serve Pouches (Pack of 144)"
579,B000VJX2BO,"Cheetos Cheese Snacks, Crunchy Hot, 1-Ounce Packages (Pack of 104)"
580,B000VK0ICO,"Gatorade Frost Riptide Rush Powder, 2.12-Ounce Single Serve Pouches (Pack of 144)"
581,B000VKTAVO,"Stacy's Pita Chips, Simply Naked, 1-Ounce Bags (Pack of 9)"
582,B000WLXL8K,"Gatorade Performance Series Carbohydrate Energy Formula, Orange, 12-Ounce Bottles (Pack of 24)"
583,B000YPIIRI,"Rice a Roni, Country Cheddar, Rice Mix, 6.3oz. (Pack of 12 )"
584,B000YPIJ0Y,"Pasta Roni Angel Hair Pasta With Herbs Mix,4.8 Ounce (Pack of 12 Boxes)"
585,B000YPIJ22,"Rice a Roni Cajun Chicken, 6.4-Ounce Boxes (Pack of 12)"
586,B000YPIJ40,"Rice-A-Roni Italian Cheese Herb Pilaf, 6.4-Ounce Boxes (Pack of 12)"
587,B000YPIJA4,"Rice-A-Roni Chicken Teriyaki, 6.2-Ounce Boxes (Pack of 12)"
588,B000YPIJN6,"Rice-A-Roni Savory Whole Grain Blend Spanish Rice Mix, 4.6-Ounce Boxes (Pac"
589,B000YPIJR2,"Rice a Roni Savory Whole Grain Blend Roasted Garlic Italiano, 4-Ounce Boxes"
590,B000YPIJZ4,"Rice a Roni, Rustic Recipies, Long Grain and Wild Rice Mix 4.2oz (Pack of 12 Boxes)"
591,B000YPIKWQ,"Quaker Instant Grits Country Bacon, 12-Ounce Boxes (Pack of 12)"
592,B000YPIL2K,"Quaker Instant Grits Flavor Variety, 12-Count Boxes (Pack of 12)"
593,B000YPKPAQ,"Rice-A-Roni Parmesan Chicken, 5.9-Ounce Boxes (Pack of 12)"
594,B000YPKPE2,"Quaker Chewy Granola Bar Reduced Sugar Variety Pack, 8-Count Boxes (Pack of 12)"
595,B000YPKPL0,"Frito-Lay Doritos, 3.75-Ounce Canisters (Pack of 12)"
596,B000YPKPV0,"Rice a Roni, Original, Long Grain and Wild Rice Mix (Pack of 12 Boxes)"
597,B000YPKQ28,"Quaker Essential Puffed Rice Cereal, 6.3oz Boxes (Pack of 10 Boxes)"
598,B000YPKQ64,"Rice a Roni, Red Beans & Rice Mix, 5 oz (Pack of 12 Boxes)"
599,B000YPKRNG,"Quaker Instant Grits Original, 12-Count Boxes (Pack of 12)"
600,B000YPKS4Y,"Quaker Instant Grits Red Eye Gravy &-Country Ham, 12-Count Boxes (Pack of 12)"
601,B000YPMK04,"Rice a Roni, Spanish Rice Mix, 6.8oz (Pack of 12 Boxes)"
602,B000YPMK2C,"Rice a Roni, Creamy Four Cheese, Rice Mix (Pack of 12 Boxes)"
603,B000YPMK68,Pasta Roni Shells & White Cheddar Mix (Pack of 12 Boxes)
604,B000YPMKPE,"Frito-Lay Cheetos Flamin' Hot, 4.75-Ounce Canisters (Pack of 12)"
605,B000YPMKY0,"Rice-A-Roni Whole Grain Blends, Chicken & Herb Classico, 3.8-Ounce Boxes (P"
606,B000YPML30,Pasta Roni Chicken & Broccoli Linguine Mix (Pack of 12 Boxes)
607,B000YPML4E,"Quaker Instant Grits Real Butter, 12-Count Boxes (Pack of 12)"
608,B000YPMLBW,"Rice-A-Roni Nature's Way Parmesan & Romano Cheese, 5-Ounce Boxes (Pack of 1"
609,B000YPO6GU,"Rice-A-Roni Chicken & Garlic, 5.9-Ounce Boxes (Pack of 12)"
610,B000YPO6MY,"Cracker Jack Original Bag, 7-Ounce Pouches, (Pack of 9)"
611,B000YPO6RO,"Frito-Lay Cheetos Crunchy, 4.25-Ounce Canisters (Pack of 12)"
612,B000YPO8FY,"Quaker Instant Grits Real Cheddar Cheese, 12-Count Boxes (Pack of 12)"
613,B000YPO9DA,"Pasta Roni Fettuccine Alfredo Mix (Pack of 12 Boxes), 4.7 oz"
614,B000YPQBSQ,"Rice a Roni, Mexican Style, Pasta and Rice Mix, 6.4 oz (Pack of 12 Boxes)"
615,B000YPQC08,"Rice-A-Roni Herb & Butter, 7.2-Ounce Boxes (Pack of 12)"
616,B000YPQC44,"Rice a Roni, Chicken and Mushroom, Rice and Pasta Mix 5 ounce (Pack of 12)"
617,B000YPQE6U,"Quaker Instant Grits Cheese Lovers, Variety Pack, 12-Count Boxes (Pack of 12)"
618,B0011VZZQ6,"Cheetos Crunchy Cheetos, 12-Count Sacks (Pack of 8)"
619,B0011W1K5K,"Cheetos Cheese Snacks, X & O, 9-Ounce Bags (Pack of 12)"
620,B0011W3MT2,"Cheetos Cheese Snacks,twisted, 7.875-Ounce Bags (Pack of 12)"
621,B0011W5F8S,"Cheetos Cheese Snacks, Puffs, 7.75-Ounce Bags (Pack of 10)"
622,B0012RBQJO,"Gatorade Performance Series Energy Drink, Grape, 12-Ounce Bottles (Pack of"
623,B0014X5O1C,"IZZE Sparkling Juice, Clementine, 8.4 oz Cans, 24 Count"
624,B00168DOO4,"Rold Gold Classic Tiny Twist Pretzels, 16 Ounce Bag (Pack of 6)"
625,B001AJ2IUK,"True North Peanut Nut Clusters, 5.5-Ounce Bags (Pack of 10)"
626,B001AJ2IVE,"True North Almond Nut Clusters, 5.5-Ounce Bags (Pack of 10)"
627,B001B3UP96,"Starbucks Doubleshot Energy Coffee, Vanilla, 15 Ounce, 12 Count"
628,B001B3UPQE,"Starbucks Doubleshot Energy Coffee, Mocha, 15 Ounce Cans, 12 Count"
629,B001E4Q54G,"Gatorade Performance Series Nutrition Shake, Strawberry, 11-Ounce Cans (Pack of 6)"
630,B001E4S7WE,"Gatorade Performance Series Nutrition Shake, Vanilla, 11-Ounce Cans (Pack of 6)"
631,B001E4T9IU,"Gatorade Performance Series Pro 1 Prime Nutrition Shake, Chocolate, 11-Ounce Cans (Pack of 6)"
632,B001E6R5VG,Pepsi Caffeine Free Diet - 6 CT
633,B001E6TD6Q,"Diet Pepsi Vanilla, 12 ct, 12 oz Cans"
634,B001GN3ISQ,"Lay's Potato Chips, Classic, 1.88 Ounce"
635,B001IMOCI0,"Ruffles Potato Chips, Cheddar and Sour Cream, 1.88 Ounce"
636,B001IMOKWI,"Cheetos Flavored Snacks, Crunchy Cheese, 2.38 Ounce"
637,B001IMRLUG,"Doritos Tortilla Chips, Nacho Cheese, 2.13 Ounce"
638,B001IMTE8I,"Doritos Tortilla Chips, Cool Ranch, 2.13 Ounce"
639,B001IMXA6A,"Cheetos Cheese Flavored Snacks, Crunchy Flamin' Hot, 2.38 Ounce"
640,B001M0AKE8,"Quaker Instant Oatmeal, Dinosaur Eggs and Brown Sugar, Breakfast Cereal, 14.1 Ounce (Pack of 4)"
641,B001QPXJKQ,"Funyuns Flavored Rings, Onion, 1.63 Ounce"
642,B002QZ2AZ0,"Stacy's Simply Naked Bagel Chips, 7 Ounce Bags (Pack of 12)"
643,B002QZ3XKG,"Stacy's Everything (Onion, Sesame, Poppy & Garlic) Flavored Bagel Chips, 7 Ounce Bags (Pack of 12)"
644,B002QZ4D5U,"Stacy's Pita Chips, Parmesan Garlic & Herb, 8-Ounce Bags (Pack of 12)"
645,B002QZ5Z16,"Stacy's Cinnamon Sugar Pita Chips, 6-Ounce Bags (Pack of 12)"
646,B002QZ7ZBY,"Stacy's Pita Chips, Simply Naked, 8-Ounce Bags (Pack of 12)"
647,B002QZAPKC,"Stacy's Pita Chips, Multigrain, 8-Ounce Bags (Pack of 12)"
648,B002SICF82,"Lay's Kettle Cooked Potato Chips, Original, 8.5 Ounce"
649,B002SIEDKU,"Lay's Kettle Cooked Potato Chips, Mesquite BBQ, 8.5 Ounce"
650,B002SPWDQE,"Rold Gold Tiny Twists Pretzels, 16 Ounce"
651,B002U8ABDQ,"Rold Gold Classic Stick Pretzels, 16 Ounce Bag"
652,B002VM8E5S,"Stacy's Pita Chips, Parmesan Garlic & Herb, 18-Ounce Bags (Pack of 6)"
653,B002VMDXKO,"Stacy's Simply Naked Pita Chips, 18-Ounce Bags (Pack of 6)"
654,B002XNXZR2,"Sunchips Multigrain Snacks Cheddar, 10.5 Ounce Bag"
655,B0032ETQU6,"Lay's Kettle Cooked Potato Chips, Sea Salt and Cracked Pepper, 8.5 Ounce"
656,B0035SJSO8,"Cheetos Flavored Snacks, Crunchy Cheese, 1.13 Ounce"
657,B00379J75A,"Lay's Potato Chips, Classic, 1.13 Ounce"
658,B003KFQPX8,"Sobe Lean Raspberry Lemonade, 20oz Bottle"
659,B0041PSUPC,"Tostitos Restaurant Style Tortilla Chips, 13 Ounce Bag"
660,B004CT211Q,"Lay's Baked Potato Crisps, Original, 9 Ounce Bag"
661,B004DE9WQ2,"Cracker Jacks Original Flavor, 7-Ounce (Pack of 9)"
662,B004J82GBA,"Lay's Kettle Cooked Potato Chips, Jalapeno, 8.5 Ounce"
663,B004J84JLA,Stacy's Pita Chips Cinnamon Sugar -- 8 oz
664,B004K0WKPY,"Munchies Snack Mix, Cheese Fix, 8 Ounce"
665,B004K2VKI0,"Funyuns Flavored Rings, Onion, 6.5 Ounce"
666,B004K51SJS,"Fritos Bean Dip, 9 Ounce"
667,B004LPL0XQ,"Lay's Baked Potato Crisps, Original, 1.38 Ounce"
668,B004MHXF9U,"Quaker Instant Oatmeal High Fiber, Cinnamon Swirl, 12.6 Oz"
669,B004P8FUXA,"Stacy's Toasted Garlic Flavored Bagel Chips, 7 Ounce Bags (Pack of 12)"
670,B004Y32MNC,"Fritos Cheese Dip, Jalapeno Cheddar, 9 Ounce"
671,B0052Y7QWY,"Doritos Tortilla Chips, Nacho Cheese, 9.75 Ounce"
672,B0052Y7UZM,"Doritos Tortilla Chips, Cool Ranch, 11 Ounce"
673,B0052Y7VCE,"Lay's Potato Chips, Classic, 10 Ounce"
674,B0052Y7W96,"Lay's Potato Chips, Barbecue, 9.5 Ounce"
675,B0052Y7WRI,"Lay's Potato Chips, Sour Cream and Onion, 9.5 Ounce"
676,B0052Y7XZY,"Lay's Potato Chips, Wavy Original, 10.5 Ounce"
677,B00585875M,"Doritos Tortilla Chips, Taco, 9.75 Ounce (Pack of 1)"
678,B005A1L468,"Near East Rosemary and Olive Oil Quinoa, 4.9-Ounce (Pack of 6)"
679,B005EKWMUM,"Gatorade Performance Series Powder Sticks, Grape, 0.52-Ounce Packets (Pack of 32)"
680,B005EKWMYI,"Gatorade Performance Series Powder Sticks, Orange, 1.34-Ounce Packets (Pack of 32)"
681,B005EKWMYS,"Gatorade Performance Series Powder Sticks, Lemon-Lime, 1.23-Ounce Packets (Pack of 32)"
682,B005ER1EZY,"Cap'N Crunch's Crunch Berries, 18.7-Ounce Boxes (Pack of 5)"
683,B005ER1GDY,"Cap'N Crunch, Chocolatey Crunch, Small Box, 14-Ounce (Pack of 14)"
684,B005ER1GFM,"Cap'N Crunch, Peanut Butter, 12.5-Ounce (Pack of 14)"
685,B005ER1GG6,"Cap'N Crunch, Crunch Berries, 13-Ounce (Pack of 14)"
686,B005ER1GPC,"Cap'N Crunch, Peanut Butter, 17.1-Ounce (Pack of 5)"
687,B005ER1IDW,"Cap'N Crunch's Christmas Crunch, 13-Ounce (Pack of 14)"
688,B005ER1JBS,"Life Cereal, Maple and Brown Sugar, 18-Ounce (Pack of 14)"
689,B005ER1JCM,"Life Cinnamon Cereal, 18-Ounce (Pack of 14)"
690,B005ERS6X2,"Doritos Tortilla Chips, Nacho Cheese, 1.13 Ounce"
691,B005EVAH2G,"Cap'N Crunch, Red Box, 20-Ounce (Pack of 5)"
692,B005JDFC88,"Lay's Potato Chips, Salt and Vinegar, 9.5 Ounce"
693,B005LIA56K,"Cheetos Cheese Flavored Snacks, Crunchy Flamin' Hot, 9.5 Ounce"
694,B005LUX3AI,"Stacy's Pita Chips, Simply Naked, 1-Ounce Bags (Pack of 48)"
695,B005O24BSG,"Doritos Tortilla Chips, Spicy Nacho, 11 Ounce"
696,B005PQNL7I,"Santitas Tortilla Chips, Blend, 11 Ounce"
697,B005UO99VW,"Tostitos Scoop Corn Chips, 10 Ounce Bag"
698,B005V2CORO,"Baken-Ets Fried Pork Skins, Hot N Spicy, 3.5 Ounce"
699,B005XSQTZE,"Ruffles Potato Chips, Sour Cream and Onion, 8.5 Ounce"
700,B00609WCR4,"Frito-Lay Chips Flavor Mix Multipack, 20 Count"
701,B00680ASEE,"Cheetos Flavored Snacks, Crunchy Cheese, 9.5 Ounce"
702,B006K3VEXI,"IZZE Fortified Sparkling Juice, Blackberry, 201.6 oz"
703,B006L2TW3C,"Lay's Stax, Salt & Vinegar, 5.5-Ounce Containers (Pack of 17)"
704,B006M9Y78Y,"Fritos Corn Chips, Scoops, 10.25 Ounce"
705,B006TZBB6M,"Lay's Stax, Sour Cream & Onion, 5.5-Ounce Containers (Pack of 17)"
706,B007J82R8O,"IZZE Sparkling Juice, 3 Flavor Variety Pack, 8.4 oz Cans, 24 Count"
707,B007MLO4R0,"Doritos Tortilla Chips, Spicy Sweet Chili, 11 Ounce"
708,B008E16NQW,"Lay's Potato Chips, Cheddar and Sour Cream, 9.5 Ounce"
709,B008H55GI6,"Cheetos Cheese Flavored Snacks, Jumbo Puffs, 2.38 Ounce"
710,B008K4DHVM,"Stacy's Pita Chips, Italian Harvest, 7.3 oz"
711,B008KFNZHM,"Fritos Corn Chips, Twists Honey BBQ, 10.25 Ounce"
712,B008L8JPI6,"Tostitos Bite Size Tortilla Rounds, 7.18 Ounce Bag"
713,B008UQLZ3W,"O.N.E. Coconut Water Splash, Pink Guava, 16.9 Ounce (Pack of 12)"
714,B008UQLZ5A,"O.N.E. Pure Coconut Water, 16.9 Ounce (Pack of 12)"
715,B008UQLZ78,"O.N.E. Coconut Water with a Splash of Mango, 16.9 Ounce (Pack of 12)"
716,B008UQLZ8W,"O.N.E. Coconut Water with a Splash of Pineapple, 16.9 Ounce (Pack of 12)"
717,B008UVBOCO,"Sunchips Multigrain Snacks Regular, 10.5 Ounce Bag"
718,B008XV6WTG,"Frito-Lay Chips Classic mix Multipack, 20 Count"
719,B008Z8412M,"Lay's Stax, Cheddar, 5.5 Ounce Container"
720,B008Z8415O,"Lay's Stax, Original, 5.75 Ounce Container"
721,B009IMC3CO,"Funyuns Flavored Rings, Onion, 0.88 Ounce"
722,B009IMC8FG,"Fritos Corn Chips, Original, 2.88 Ounce"
723,B009IMCE14,"Lay's Potato Chips, Barbecue, 1.88 Ounce"
724,B009IMCKWW,"Cheetos Flavored Snacks, Twisted Cheese, 9 Ounce"
725,B009IMCKX6,"Cheetos Cheese Flavored Snacks, Jumbo Puffs, 9.5 Ounce"
726,B009IMCY28,"Fritos Corn Chips, Original, 10.25 Ounce"
727,B009IMCZBI,"Lay's Kettle Cooked Potato Chips, Sea Salt and Vinegar, 8.5 Ounce"
728,B009IMDGZM,"Ruffles Potato Chips, Cheddar and Sour Cream, 8.5 Ounce"
729,B009IMDH74,"Ruffles Potato Chips, Original, 9 Ounce"
730,B009IMDNSW,"Sunchips Multigrain Snacks, French Onion, 10.5 Ounce"
731,B009IMDS2I,"Baken-Ets Fried Pork Skins, Traditional, 3.5 Ounce"
732,B009IMDTYK,"Chester's Puffcorn Snacks, Cheese, 4.5 Ounce"
733,B009IMDZGC,"Grandma's Sandwich Creme Cookies, Vanilla Mini, 3 Ounce (Pack of 6)"
734,B009IMDZM6,"Grandma's Sandwich Creme Cookies, Vanilla, 3.03 Ounce (Pack of 6)"
735,B009IMDZSA,"Munchies Peanut Butter on Cheese Crackers, 1.42 Ounce (Pack of 8)"
736,B009IME54S,"Munchies Peanut Butter on Toast Crackers, 1.42 Ounce (Pack of 8)"
737,B009IME5SE,"Frito-Lay Seeds, Sunflower, 1.88 Ounce (Pack of 10)"
738,B009IME6A6,"Munchies Peanuts, Honey Roasted, 1.38 Ounce (Pack of 16)"
739,B009IME77S,"Munchies Peanuts, Salted, 1.63 Ounce (Pack of 16)"
740,B009IMEDFO,"Tostitos Queso Dips to Go, 3.625 Ounce"
741,B00AKKT1B4,"Munchies Peanuts, Salted, 1.63 Ounce (Pack of 32)"
742,B00AKKT7QI,"Lay's Potato Chips, Classic, 10 Ounce (Pack of 4)"
743,B00AKKTANI,"Lay's Potato Chips, Wavy Original, 10.5 Ounce (Pack of 4)"
744,B00AKKTDEE,"Doritos Tortilla Chips, Spicy Nacho, 11 Ounce (Pack of 4)"
745,B00AKKTL28,"Sunchips Multigrain Snacks, French Onion, 10.5 Ounce (Pack of 4)"
746,B00AKKTVR8,"Grandma's Sandwich Creme Cookies, Vanilla, 3.03 Ounce (Pack of 18)"
747,B00AKKTYEI,"Doritos Tortilla Chips, Nacho Cheese, 11 Ounce (Pack of 4)"
748,B00AKKU2L2,"Ruffles Potato Chips, Cheddar and Sour Cream, 8.5 Ounce (Pack of 4)"
749,B00AKKUM94,"Lay's Potato Chips, Cheddar and Sour Cream, 9.5 Ounce (Pack of 4)"
750,B00AKKUR0I,"Ruffles Potato Chips, Original, 9 Ounce (Pack of 4)"
751,B00AKKV05O,"Lay's Potato Chips, Barbecue, 9.5 Ounce (Pack of 4)"
752,B00AKKV7C0,"Ruffles Potato Chips, Sour Cream and Onion, 8.5 Ounce (Pack of 4)"
753,B00AKKVG6W,"Lay's Potato Chips, Sour Cream and Onion, 9.5 Ounce (Pack of 4)"
754,B00AKKVNQU,"Munchies Peanuts, Honey Roasted, 1.38 Ounce (Pack of 32)"
755,B00AKKVPH2,"Frito-Lay Seeds, Sunflower, 1.88 Ounce (Pack of 30)"
756,B00AKKVT14,"Cheetos Cheese Flavored Snacks, Crunchy Flamin' Hot, 9.5 Ounce (Pack of 4)"
757,B00AKKVU9K,"Doritos Tortilla Chips, Spicy Sweet Chili, 11 Ounce (Pack of 4)"
758,B00AKLJVZY,"Fritos Cheese Dip, Jalapeno Cheddar, 9 Ounce (Pack of 6)"
759,B00AKLK87Y,"Fritos Bean Dip, 9 Ounce (Pack of 6)"
760,B00AQT3I90,Naked Pure Coconut Water
761,B00AULKCX4,"Fritos Corn Chips, Scoops, 10.25 Ounce (Pack of 4)"
762,B00AUM1YR6,"Cheetos Cheese Flavored Snacks, Jumbo Puffs, 9.5 Ounce (Pack of 4)"
763,B00AUM3T7E,"Fritos Corn Chips, Original, 10.25 Ounce (Pack of 4)"
764,B00B5ON3XQ,"Quaker Chocolate Chip Oatmeal Cookies, 9.3 Ounce (Pack of 12)"
765,B00BFQVN0Y,"Rice-A-Roni Chicken, Lower Sodium, 6.9 Ounce (Pack of 12)"
766,B00BIR15DA,"Stacy's Pita Chips, Parmesan Garlic and Herb, 1.5 Ounce (Pack of 24)"
767,B00BIR15TE,"Stacy's Pita Chips, Naked, 1.5 Ounce (Pack of 24)"
768,B00BTWYSC4,"Quaker Chewy Yogurt Granola Bars, Strawberry, 6.1 oz"
769,B00CHUDP58,"Sunchips Multigrain Snacks Variety Pack, Pack of 30"
770,B00D6BGA68,"Lay's Stax, Mesquite Barbeque, 5.5 Ounce Container"
771,B00DOS55L4,"Quaker Stila Oat Cluster Bits - Cranberry Yogurt, 3.5 Ounce Packages (Pack"
772,B00E1Z242W,"Frito-Lay Bold/Spicy Variety Pack, 50 Ounce"
773,B00E1Z257G,"Frito-Lay Flamin' Hot Mix Variety Pack, 30 Count"
774,B00E230CKE,"Frito-Lay Flavor Variety Pack, 50 Ounce"
775,B00E2R1S3K,"Rold Gold Classic Stick Pretzels, 16 Ounce Bag (Pack of 6)"
776,B00E2R32UM,"Tostitos Restaurant Style Tortilla Chips, 13 Ounce Bag (Pack of 4)"
777,B00E2R35QI,"Tostitos Bite Size Tortilla Rounds, 13 Ounce Bag (Pack of 4)"
778,B00E2R39IM,"Tostitos Scoop Corn Chips, 10 Ounce Bag (Pack of 4)"
779,B00E2R3C3O,"Lay's Baked Potato Crisps, Original, 9 Ounce Bag (Pack of 4)"
780,B00E2R3HUM,"Sunchips Multigrain Snacks Regular, 10.5 Ounce Bag (Pack of 4)"
781,B00E2R3KOU,"Sunchips Multigrain Snacks Cheddar, 10.5 Ounce Bag (Pack of 4)"
782,B00E38B71Q,"Lay's Potato Chips, Salt and Vinegar, 9.5 Ounce (Pack of 4)"
783,B00E39ZN8I,"Tostitos Queso Dips to Go, 3.625 Ounce (Pack of 12)"
784,B00E3A0JRM,"Chester's Puffcorn Snacks, Cheese, 4.5 Ounce (Pack of 6)"
785,B00E3A0NAA,"Munchies Peanut Butter on Cheese Crackers, 1.42 Ounce (Pack of 24)"
786,B00E3A0QE8,"Munchies Peanut Butter on Toast Crackers, 1.42 Ounce (Pack of 24)"
787,B00E3A19U8,"Baken-Ets Fried Pork Skins, Traditional, 3.5 Ounce (Pack of 6)"
788,B00E3A1DE0,"Baken-Ets Fried Pork Skins, Hot N Spicy, 3.5 Ounce (Pack of 6)"
789,B00E3A1H3C,"Lay's Potato Chips, Classic, 1.88 Ounce (Pack of 12)"
790,B00E3A1JU8,"Lay's Potato Chips, Barbecue, 1.88 Ounce (Pack of 12)"
791,B00E3A1N3G,"Ruffles Potato Chips, Cheddar and Sour Cream, 1.88 Ounce (Pack of 12)"
792,B00E3A1Q9W,"Cheetos Flavored Snacks, Crunchy Cheese, 2.38 Ounce (Pack of 12)"
793,B00E3A1SQS,"Cheetos Cheese Flavored Snacks, Crunchy Flamin' Hot, 2.38 Ounce (Pack of 12)"
794,B00E3A1WFA,"Doritos Tortilla Chips, Cool Ranch, 2.13 Ounce (Pack of 12)"
795,B00E3A21CI,"Doritos Tortilla Chips, Nacho Cheese, 2.13 Ounce (Pack of 12)"
796,B00E3A24F2,"Cheetos Cheese Flavored Snacks, Jumbo Puffs, 2.38 Ounce (Pack of 12)"
797,B00E3A29NE,"Funyuns Flavored Rings, Onion, 1.63 Ounce (Pack of 12)"
798,B00E3A2BVO,"Lay's Baked Potato Crisps, Original, 1.38 Ounce (Pack of 12)"
799,B00E3A2FO2,"Lay's Kettle Cooked Potato Chips, Jalapeno, 8.5 Ounce (Pack of 4)"
800,B00E3A2HR2,"Lay's Kettle Cooked Potato Chips, Sea Salt and Vinegar, 8.5 Ounce (Pack of 4)"
801,B00E3A2KVK,"Lay's Kettle Cooked Potato Chips, Mesquite BBQ, 8.5 Ounce (Pack of 4)"
802,B00E3A2MOK,"Lay's Kettle Cooked Potato Chips, Original, 8.5 Ounce (Pack of 4)"
803,B00E3A2QJQ,"Funyuns Flavored Rings, Onion, 6.5 Ounce (Pack of 4)"
804,B00E3A2U4M,"Munchies Snack Mix, Cheese Fix, 8 Ounce (Pack of 6)"
805,B00E3A2WUE,"Lay's Kettle Cooked Potato Chips, Sea Salt and Cracked Pepper, 8.5 Ounce (Pack of 4)"
806,B00E3A3244,"Funyuns Flavored Rings, Onion, 0.88 Ounce (Pack of 24)"
807,B00E3A351O,"Fritos Corn Chips, Original, 2.88 Ounce (Pack of 12)"
808,B00E3A375S,"Fritos Corn Chips, Twists Honey BBQ, 10.25 Ounce (Pack of 4)"
809,B00E3A3B5E,"Doritos Tortilla Chips, Cool Ranch, 11 Ounce (Pack of 4)"
810,B00E3A3D2U,"Cheetos Flavored Snacks, Twisted Cheese, 9 Ounce (Pack of 4)"
811,B00E3A3EQA,"Cheetos Cheese Flavored Snacks, Crunchy, 9.5 Ounce (Pack of 4)"
812,B00E3A3J1U,"Lay's Potato Chips, Classic, 1.13 Ounce (Pack of 12)"
813,B00E3A3L0O,"Cheetos Flavored Snacks, Crunchy Cheese, 1.13 Ounce (Pack of 12)"
814,B00E3A3MI0,"Doritos Tortilla Chips, Nacho Cheese, 1.13 Ounce (Pack of 12)"
815,B00EHAY9YM,"Cracker Jack'D Hearty Snack Mix, PB and Chocolate, 3 Ounce (Pack of 6)"
816,B00ERDGEA6,"Cheetos Glow-in-The-Dark Halloween, 0.65 Ounce Bags, 30 count"
817,B00F0C0S2I,"Miss Vickie's Kettle Cooked Potato Chips Variety Pack, 30 Count"
818,B00FFJ1DZM,"Cracker Jack'D Intense Snack Mix, Spicy Pizzeria, 3.5 oz"
819,B00FFJ1EWY,"Cracker Jack'D Hearty Snack Mix, PB and Chocolate, 3 oz"
820,B00FLJY6SW,"Quaker Crispy Cookies, Peanut Butter, 9.3 Ounce (Pack of 12)"
821,B00FLJY6W8,"Quaker Big Chewy Chocolate Chip Granola Bar, Peanut Butter, 1.48oz, 5 Count"
822,B00FLJY8MQ,"Quaker Big Chewy Chocolate Chip Granola Bar, 7.4 Ounce"
823,B00GSZIYWM,Cracker Jack'D Berry Yogurt Hearty Mix (Pack of 2)
824,B00GWWSZAM,"Baked Lay's Potato Chips Bag, Original, 6.25 Ounce (4-Pack)"
825,B00H5QQ2AY,"IZZE Sparkling Juice, Blackberry, 12 oz Glass Bottles, 12 Count"
826,B00H5QQ3XU,"IZZE Sparkling Juice, Clementine, 12 oz Glass Bottles, 12 Count"
827,B00HBBX92C,"Quaker Instant Oatmeal Value Pack, Apples and Cinnamon, 27.3 Ounce (Pack of 8)"
828,B00HBBXAMG,"Quaker Instant Oatmeal Variety Pack, 27.3 Ounce (Pack of 8)"
829,B00HC767CE,"Gatorade G2 Thirst Quencher Variety Pack, 20 Ounce Bottles (Pack of 12)"
830,B00HC76FBW,"Gatorade Prime Energy Chews, Strawberry (Pack of 16)"
831,B00HC76FVW,"Gatorade Prime Energy Chews, Orange (Pack of 16)"
832,B00HC76NW8,"Gatorade Prime Energy Chews, Fruit Punch (Pack of 16)"
833,B00HC76NWI,"Gatorade Prime Energy Chews, Cool Blue (Pack of 16)"
834,B00HKHX1AW,"Stacy's Pita Chips, Cinnamon Sugar, 1.5 Ounce (Pack of 24)"
835,B00HZYB9DQ,"Diet Lipton Green Tea, Citrus (12 Count, 16.9 Fl Oz Each)"
836,B00HZYBEN6,"Diet Mountain Dew Bottle (8 Count, 12 Fl Oz Each)"
837,B00HZYBI14,"Diet Mountain Dew Mini-Can (8 Count, 7.5 Fl Oz Each)"
838,B00HZYBPI0,"Diet Pepsi Minicans (Aspartame Free) â€“ 8 Count, 7.5 Fl Oz Each"
839,B00HZYBSHS,"Diet Pepsi Max Bottle (8 Count, 12 Fl Oz Each)"
840,B00HZYBVG6,"Diet Pepsi Max Mini-Can (8 Count, 7.5 Fl Oz Each)"
841,B00HZYBXUK,"Lipton Green Tea, Citrus (12 Count, 16.9 Fl Oz Each)"
842,B00HZYC0PW,"Lipton Diet Green Tea, Mixed Berry, (12 Count, 16.9 Fl Oz Each)"
843,B00HZYC3A4,"Pure Leaf Iced Tea, Sweet Tea, Real Brewed Black Tea, 18.5 Ounce Bottles (Pack of 6)"
844,B00HZYC8XQ,"Pure Leaf Iced Tea, Unsweetened, Real Brewed Tea, 0 Calories, 18.5 Ounce Bottles (Pack of 6)"
845,B00HZYCCKU,"Mountain Dew Bottle (8 Count, 12 Fl Oz Each)"
846,B00HZYCKWK,"Pepsi Mini-Cans (8 Count, 7.5 Fl Oz Each)"
847,B00HZYCNRC,"Pepsi Next Bottle (8 Count, 12 Fl Oz Each)"
848,B00HZYCQBK,"Pepsi Next Mini-Can (8 Count, 7.5 Fl Oz Each)"
849,B00HZYCT6C,"Starbucks Refreshers, Blueberry Acai (4 Count, 8.4 Fl Oz Each)"
850,B00HZYCVMY,"Starbucks Refreshers, Strawberry Lemonade (4 Count, 8.4 Fl Oz Each)"
851,B00HZYCYJ4,"Sierra Mist Bottle (8 Count, 12 Fl Oz Each)"
852,B00HZYD0OC,"Sierra Mist Mini-Can (8 Count, 7.5 Fl Oz Each)"
853,B00HZYD5KQ,"Starbucks Double Shot, Espresso, Coffee Drink 6.5 Fl Oz (Pack of 4)"
854,B00HZYD80S,"IZZE Sparkling Juice, Apple, 8.4 oz Cans, 4 Count"
855,B00HZYDATM,"IZZE Sparkling Juice, Clementine, 8.4 oz Cans, 4 Count"
856,B00ID0DTAM,"Frito-Lay Classic Mix Variety Pack, 20 Count"
857,B00ID0DUYM,"Frito-Lay Flavor Mix Purple Variety Pack, 20 Count"
858,B00ID0DVYQ,"Ruffles Original  Potato Chips, Party Size! (13.5 Ounce)"
859,B00ID0DX3U,"Rold Gold Tiny Twists Pretzels, 16 Ounce"
860,B00ID0DYHU,"Tostitos Chunky Salsa - Mild, 15.5 Ounce"
861,B00ID0DZRY,"Tostitos Chunky Salsa - Medium, 15.5 Ounce"
862,B00ID0E154,"Tostitos Original Restaurant Style Tortilla Chips, 13 Ounce"
863,B00ID0E2B2,"Tostitos Hint of Lime Flavored Tortilla Chips, 13 Ounce"
864,B00ID0E4A6,"Tostitos Bite Size Rounds Tortilla Chips, 13 Ounce"
865,B00ID0E5Q4,"Tostitos Scoops! Tortilla Chips, 10 Ounce"
866,B00ID0E6TK,"Tostitos Salsa Con Queso - Medium, 15 Ounce"
867,B00ID0E820,"Lay's Kettle Cooked Potato Chips, Jalapeno, 8.5 Oz"
868,B00ID0E90G,"Lay's Kettle Cooked Potato Chips, Original, 8.5 Oz"
869,B00ID0EA3W,"Funyuns Onion Flavored Snacks, Original, 6.5 Oz"
870,B00ID0EB1S,"Tostitos Original Restaurant Style Tortilla Chips, Party Size! (18 Ounce)"
871,B00ID0EBP4,"Tostitos Scoops! Tortilla Chips, Party Size! (14.5 Ounce)"
872,B00ID0ECE4,"Tostitos Cantina Thin & Crispy Tortilla Chips, 9 Ounce"
873,B00ID0ED6Q,"Doritos Tortilla Chips, Party Size Nacho Cheese, 16 Oz"
874,B00ID0EDWK,"Fritos Corn Chips, Scoops, 10.25 Oz"
875,B00ID0EEMY,"Fritos Corn Chips, Original, 10.25 Oz"
876,B00ID0EFLY,"Doritos Tortilla Chips, Cool Ranch, 11 Oz"
877,B00ID0EGDG,"Doritos Tortilla Chips, Nacho Cheese, 11 Oz"
878,B00ID0EGU4,"Doritos Tortilla Chips, Spicy Nacho, 11 Oz"
879,B00ID0EHM6,"Cheetos Jumbo Puffs, 9.5 Oz"
880,B00ID0EIBG,"Cheetos Crunchy Cheese Snacks,9.5 Oz"
881,B00ID0EIYS,"Ruffles Original Potato Chips, 9 Ounce"
882,B00ID0EJQU,"Ruffles Cheddar & Sour Cream Flavored Potato Chips, 8.5 Ounce"
883,B00ID0EK5U,"Lay's Potato Chips, Barbecue, 9.5 Oz"
884,B00ID0EKPU,"Lay's Potato Chips, Classic, 10 Oz"
885,B00ID0ELDG,"Lay's Potato Chips, Sour Cream and Onion, 9.5 Oz"
886,B00ID0EM76,"Lay's Potato Chips, Lightly Salted, 9.5 Oz"
887,B00ID0EMXA,"Lay's Potato Chips, Wavy Original, 10 Oz"
888,B00ID0ENNE,"Lay's Potato Chips, Party Size Classic, 13.75 Oz"
889,B00ID0EO3I,"Lay's Potato Chips, Party Size Wavy Original, 13.75 Oz"
890,B00ID0OURI,"Quaker Chewy Granola Bars, Chocolate Chip, 18 Bars"
891,B00ID0OWUS,"Quaker Chewy Granola Bars, Variety Value Pack, 18 Bars"
892,B00ID0OZKA,"Quaker Chewy Granola Bars, 25% Less Sugar Variety Pack, Snack Bars, Low Sugar, 18 Bars"
893,B00ID0P3BU,"Quaker Instant Grits, Original, Value Pack, 22 Packets"
894,B00ID0P5KO,"Quaker Instant Grits, Butter Flavor, Value Pack, 22 Packets"
895,B00ID0P8EW,"Quaker Instant Grits, Original, Super Family Value Size, 36 Oz"
896,B00ID0PB4E,"Quaker Quick 1 Minute Oats, 5 Pounds"
897,B00ID0PE4G,"Quaker Instant Oatmeal, Apples and Cinnamon, 18 Count"
898,B00ID0PGMG,"Quaker Instant Oatmeal, Variety Value Pack, Breakfast Cereal, 18 Packets"
899,B00ID0PJ1Y,"Quaker Instant Oatmeal, Maple Brown Sugar Value Pack, Breakfast Cereal, 18 Packets"
900,B00ID0PLR6,"Aunt Jemima Pancake & Waffle Mix, Original, 48 Servings Box"
901,B00ID0PODW,"Aunt Jemima Pancake & Waffle Mix, Original Complete, 50 Servings Box"
902,B00ID0PQEE,"Aunt Jemima Pancake & Waffle Mix, Buttermilk Complete, 50 Serving Box"
903,B00ID0PSMY,"Aunt Jemima Syrup, Original, 64 Fl Oz"
904,B00ID0PV0S,"Near East Couscous Moroccan Style Pasta, Original, Large Box 16 Servings"
905,B00IDQXU00,"O.N.E. Coconut Water (4 Count, 11.2 Fl Oz Each)"
906,B00IDQXW1W,"IZZE Fortified Sparkling Juice, Pomegranate (4 Count, 8.4 Fl Oz Each)"
907,B00IDQXYLA,"IZZE Fortified Sparkling Juice, Grapefruit (4 Count, 8.4 Fl Oz Each)"
908,B00IDQY0K4,"IZZE Sparkling Juice, Blackberry, 8.4 oz Cans, 4 Count"
909,B00IDU45HS,"Gatorade Thirst Quencher, Cool Blue (4 Count, 24 Fl Oz Each)"
910,B00IDU487A,"Gatorade Thirst Quencher, Lemon-Lime (4 Count, 24 Fl Oz Each)"
911,B00IDXQV0O,"Quaker Steel Cut Oatmeal, Breakfast Cereal, 30 oz (Pack of 12)"
912,B00IEVT5AS,"Diet Pepsi, 7.5 Fl Oz Mini Cans, 24 Pack"
913,B00IEVT5CQ,"Mountain Dew, 7.5 Fl Oz Mini Cans, 24 Pack"
914,B00IEVT5FI,"Mist Twist Soda, 7.5 Ounce (24 Cans)"
915,B00IEVT5GC,"Pepsi, 7.5 Fl Oz Mini Cans, 24 Pack"
916,B00IEVT5MQ,"Diet Mountain Dew, 7.5 Fl Oz Mini Cans, 24 Pack"
917,B00IHVHLYM,"Starbucks Refreshers, 3 Flavor Variety Pack, 12 Ounce Slim Cans, 12 Pack"
918,B00IHVHM4Q,"Starbucks Doubleshot, Espresso + Cream Light, 6.5 Ounce, (Pack of 12)"
919,B00IP6XMTC,"Lay's Stax Salt & Vinegar Flavored Potato Crisps, 5.5 Ounce Canister (Pack of 11)"
920,B00IP6XNKA,"Lay's Stax Original Potato Crisps, 5.75 Ounce Canister (Pack of 11)"
921,B00IP6XNNC,"Lay's Stax Mesquite Barbecue Flavored Potato Crisps, 5.5 Ounce Canister (Pack of 11)"
922,B00IP6XO2W,"Lay's Stax Cheddar Flavored Potato Crisps, 5.5 Ounce Canister (Pack of 11)"
923,B00IP6XU7G,"Lay's Stax Sour Cream & Onion Flavored Potato Crisps, 5.5 Ounce Canister (Pack of 11)"
924,B00IXJ1KFO,"Quaker Popped Rice Crisp Snacks, Gluten Free, Cheddar Cheese, 6.06oz Bags (Pack of 6 Bags)"
925,B00IXJ1KJU,"Quaker Popped Rice Crisp Snacks, Gluten Free, Apple Cinnamon, 7.04oz Bags (Pack of 6 Bags)"
926,B00IXJ1KLI,"Quaker Quakes Rice Snacks, Sweet Chili, 6.06 Ounce (Pack of 6)"
927,B00IXJ1LAI,"Quaker Popped Rice Crisp Snacks, Gluten Free, Sea Salt & Cracked Pepper, 6.06oz Bags (Pack of 6 Bags)"
928,B00IXJ1LH6,"Quaker Popped Rice Crisp Snacks, Gluten Free, Chocolate, 7.04oz Large Bag (Pack of 6 Bags)"
929,B00IXJ1QB2,"Quaker Popped Rice Crisp Snacks, Gluten Free, Caramel Corn, 7.04oz Bags (Pack of 6 Bags)"
930,B00IXJ1RRA,"Quaker Popped Rice Crisp Snacks, Gluten Free, Creamy Ranch, 6.06oz Bags (Pack of 6 Bags)"
931,B00J0B2L2K,Life Maple and Brown Sugar Multigrain Breakfast Cereal
932,B00J2L9RS4,"Quaker Chewy Granola Bar, Chocolate Chip, 8 Count"
933,B00J2L9T5A,"Quaker Instant Oatmeal Variety Pack, Lower Sugar, 10 Count"
934,B00J2L9VCG,"Quaker Instant Oatmeal Weight Control, Variety Pack, Breakfast Cereal, 8 Packets"
935,B00J2L9YIM,"Quaker Instant Oatmeal, Peaches & Cream, Breakfast Cereal, 10 Packets"
936,B00J2LA01W,"Quaker Instant Oatmeal, Raisin & Spice, Breakfast Cereal, 10 Packets"
937,B00J2LA1RU,"Quaker Instant Oatmeal Weight Control, Maple Brown Sugar, Breakfast Cereal, 8 Packets"
938,B00J2LA3D2,"Quaker Oatmeal To Go Breakfast Bar, Brown Sugar Cinnamon, 6 Count"
939,B00J2MKNP4,"Quaker Instant Oatmeal, Dinosaur Eggs and Brown Sugar, Breakfast Cereal, 8 Packets"
940,B00J2MKPTS,"Quaker Oats, Old Fashioned, 18 Oz"
941,B00J50PXBM,"Quaker Instant Oatmeal, Original, Breakfast Cereal, 12 Packets"
942,B00J50PZN8,"Quaker Instant Oatmeal, Strawberry & Cream, Breakfast Cereal, 10 Packets"
943,B00J51R6G6,"Quaker Instant Oatmeal Fruit & Cream, 10 Count"
944,B00JCWHJQK,"Lipton Peach Iced Tea, 12 ct"
945,B00JPY33RY,"IZZE Sparkling Juice 2 Flavor Variety Pack, 12 oz Glass Bottles, 12 Count"
946,B00KC0LSX6,"O.N.E. Coconut Water Splash, Vanilla Chai, 202.8 Ounce"
947,B00KJB1022,"Quaker Instant Oatmeal Fruit and Cream Variety Pack, Breakfast Cereal, 8 Packets Per Box (Pack of 12 Boxes)"
948,B00KNOGX8G,"Pepsi Made with Real Sugar, Wild Cherry, 7.5 Fl Oz Mini Cans, 24 Pack"
949,B00KNOGXWC,"Pepsi Made with Real Sugar, 7.5 Fl Oz Mini Cans, 24 Pack"
950,B00KXFU0D4,"Brisk Iced Tea, Lemon, 24 oz"
951,B00L21XA7Q,"O.N.E. 100% Pure Coconut Water, 11.2 oz. containers (24 Pack)"
952,B00L5FXRZ4,"Quaker Real Medleys Cereal, Peach Apple Walnut, Multigrain Fruit and Nut Breakfast Cereal, 15.5oz Boxes (Pack of 12 Boxes)"
953,B00L5FXSBW,"Quaker Real Medleys Cereal, Cherry Almond Pecan, Multigrain Fruit and Nut Breakfast Cereal, 17oz Boxes (Pack of 12 Boxes)"
954,B00L5FY08W,"Rice a Roni Cups, Cheddar Broccoli, Individual Cup 2.11 Ounce (Pack of 12 )"
955,B00L5FY0HS,"Rice a Roni Cups, Creamy Four Cheese, Individual Cup (Pack of 12 Cups)"
956,B00L5FY0TG,"Rice a Roni Cups, Chicken, Individual Cup, 1.97 Ounce (Pack of 12)"
957,B00L5FY6OK,"Quaker Popped Snack, Butter Popcorn, 3.03 Ounce (Pack of 12)"
958,B00LK1HJU2,"Quaker Instant Oatmeal, Protein Cranberry Almond, 2.18 Ounce, 6 Count"
959,B00M3TXVV6,"Cheetos Halloween Treat Sack, 26 count (.65 ounce)"
960,B00MIWSNMU,"Starbucks Refresher, Blueberry Acai, 4 ct"
961,B00MODGQGI,"Stacy's Pita Chips, Italian Herb, 7.3 Ounce (Pack of 6)"
962,B00MODGWHQ,"Stacy's Pita Chips, Garden Veggie Medley, 7.3 Ounce (Pack of 6)"
963,B00MODGWR6,"Stacy's Multigrain Pita Chips, 18 Ounce (Pack of 6)"
964,B00MODGX3E,"Stacy's Simply Naked Pita Crisps, 6.7 Ounce (Pack of 8)"
965,B00MODGXKM,"Stacy's Garden Veggie Medley Flavored Pita Chips, 7.3 Ounce (Pack of 12)"
966,B00MODGXMK,"Stacy's Pita Chips, Italian Harvest, 7.3 Ounce (Pack of 12)"
967,B00MODH2TS,"Stacy's Honey Dijon Flavored Pretzel Thins, 7 Ounce (Pack of 8)"
968,B00MODH33S,"Stacy's Garlic & Herb Flavored Pita Crisps, 6.7 Ounce (Pack of 8)"
969,B00MODH39C,"Stacy's 5 Cheese Flavored Pita Crisps, 6.7 Ounce (Pack of 8)"
970,B00MODH3HY,"Stacy's Simply Naked Pretzel Thins, 7 Ounce (Pack of 8)"
971,B00MZHIAY4,"Cracker Jack'D Hearty Snack Mix, Cheddar BBQ, 3 oz"
972,B00N0WZSOS,"Santitas White Corn Tortilla Chips, 11 Ounce"
973,B00N0WZYS8,"Chester's Cheese Flavored Puff Corn, 4.5 Ounce"
974,B00N0X03Y2,"Ruffles Reduced Fat Potato Chips, 8.5 Ounce"
975,B00N0X09NW,"Tostitos Tortilla Chips, Multigrain Scoops, 10 Ounce"
976,B00N0X0GLM,"Rold Gold Sticks Pretzels, 16 Ounce"
977,B00N0X0OFA,"Lay's Kettle Cooked Mesquite Potato Chips, BBQ, 8.5 Ounce"
978,B00N0X0TF0,"Smartfood Popcorn, White Cheddar Cheese, 9 oz"
979,B00N0X0XP6,"Frito-Lay Smart Mix Variety Sack, 18 oz"
980,B00N0X125Q,"Tostitos Cantina Traditional Tortilla Chips, 12 Ounce"
981,B00N0X17KG,"SunChips Harvest Cheddar Flavored Multigrain Snacks, 7 Ounce"
982,B00N0X1CBA,"Doritos Jacked Ranch Dipped Hot Wings, 10 oz"
983,B00N0X1GUC,"Lay's Wavy Potato Chips, Roasted Garlic and Sea Salt, 9.5 Ounce"
984,B00N0X1LX4,"Lay's Potato Chips, Cheesy Garlic Bread, 9.5 Ounce"
985,B00N0X1QQQ,"Cheetos Party Size Crunchy, 18.5 Ounce"
986,B00N0X1VIE,"Fritos Corn Chips, Party Size Scoops, 19 Ounce"
987,B00N0X2174,"Doritos Tortilla Chips, Spicy Sweet Chili, 11 Ounce"
988,B00N0X27XM,"Ruffles Sour Cream & Onion Flavored Potato Chips, 8.5 Ounce"
989,B00N0X2CDC,"Lay's Potato Chip, Cheddar and Sour Cream, 9.5 Ounce"
990,B00N0X2NHM,"Lay's Potato Chip, Honey BBQ, 9.5 Ounce"
991,B00N0X2SWC,"Cheetos, Crunchy Cheese Snacks, 9 oz"
992,B00N4LU1Z6,"Cheetos Cheese Snacks, Flamin Hot, 105 Ounce (Pack of 28)"
993,B00N4LU68S,"Cheetos Cheese Snacks, Crunchy, 105 Ounce (Pack of 28)"
994,B00N4LUVQA,"Frito Lay Honey Roasted Nuts, 131.52 Ounce (Pack of 96)"
995,B00N4LUZES,"Frito Lay Sunflower Seeds, Regular, 112.2 Ounce (Pack of 60)"
996,B00N4LUZRA,"Frito Lay Bean Dip, 216 Ounce (Pack of 24)"
997,B00N9525BU,"GATORADE Protein Recover Shake, Chocolate, 11.6 Ounce (Pack of 4)"
998,B00N952MUO,"GATORADE Protein Recover Shake, Vanilla, 11.16 Ounce (Pack of 4)"
999,B00N952UCY,"Gatorade Thirst Quencher, Lemon Lime, 12 Ounce (Pack of 6)"
